cell_id,grid_row,grid_col,latitude,longitude,zone_name,lst_celsius,ndvi,building_density_pct,open_space_pct,road_density_km_per_sqkm,soil_type,annual_rainfall_mm,summer_max_temp_celsius,hvi_score,hvi_category,hvi_rank
BPL_CELL_0001,0,0,23.2305,77.3905,Arera Colony Residential Belt,34.67,0.435,35.6,50.1,8.4,Clay Loam,1123.5,42.5,0.305,Low Vulnerability,1169
BPL_CELL_0002,0,1,23.2305,77.3915,Arera Colony Residential Belt,33.45,0.467,37.9,50.1,8.6,Clay Loam,1100.3,42.5,0.2756,Low Vulnerability,1247
BPL_CELL_0003,0,2,23.2305,77.3925,Arera Colony Residential Belt,35.39,0.443,33.4,45.0,8.7,Clay Loam,1118.6,42.5,0.3196,Low Vulnerability,1109
BPL_CELL_0004,0,3,23.2305,77.3935,Arera Colony Residential Belt,35.98,0.494,36.3,47.1,7.8,Clay Loam,1079.3,42.5,0.3149,Low Vulnerability,1130
BPL_CELL_0005,0,4,23.2305,77.3945,Arera Colony Residential Belt,35.59,0.433,37.3,48.7,9.1,Clay Loam,1118.4,42.5,0.3314,Low Vulnerability,1073
BPL_CELL_0006,0,5,23.2305,77.3955,Arera Colony Residential Belt,33.8,0.435,31.7,50.9,8.4,Clay Loam,1103.1,42.5,0.2752,Low Vulnerability,1248
BPL_CELL_0007,0,6,23.2305,77.3965,Arera Colony Residential Belt,35.4,0.403,39.0,45.0,8.4,Clay Loam,1083.7,42.5,0.3523,Moderate Vulnerability,1040
BPL_CELL_0008,0,7,23.2305,77.3975,Arera Colony Residential Belt,34.54,0.437,37.4,48.1,8.9,Clay Loam,1086.7,42.5,0.3111,Low Vulnerability,1141
BPL_CELL_0009,0,8,23.2305,77.3985,Arera Colony Residential Belt,34.24,0.418,34.4,49.5,8.3,Clay Loam,1108.9,42.5,0.3013,Low Vulnerability,1182
BPL_CELL_0010,0,9,23.2305,77.3995,Arera Colony Residential Belt,36.9,0.426,34.6,47.8,8.0,Clay Loam,1092.8,42.5,0.3532,Moderate Vulnerability,1039
BPL_CELL_0011,0,10,23.2305,77.4005,Arera Colony Residential Belt,36.08,0.437,31.0,46.4,9.3,Clay Loam,1083.7,42.5,0.3253,Low Vulnerability,1091
BPL_CELL_0012,0,11,23.2305,77.4015,Arera Colony Residential Belt,33.5,0.466,36.6,47.8,9.0,Clay Loam,1126.6,42.5,0.2779,Low Vulnerability,1244
BPL_CELL_0013,0,12,23.2305,77.4025,Arera Colony Residential Belt,35.36,0.422,34.0,45.5,9.3,Clay Loam,1085.9,42.5,0.3282,Low Vulnerability,1080
BPL_CELL_0014,0,13,23.2305,77.4035,Arera Colony Residential Belt,34.29,0.441,40.5,47.7,9.6,Clay Loam,1123.9,42.5,0.3147,Low Vulnerability,1131
BPL_CELL_0015,0,14,23.2305,77.4045,Arera Colony Residential Belt,34.29,0.452,40.2,47.9,8.7,Clay Loam,1076.6,42.5,0.309,Low Vulnerability,1151
BPL_CELL_0016,0,15,23.2305,77.4055,Arera Colony Residential Belt,34.95,0.403,31.5,47.0,8.6,Clay Loam,1092.9,42.5,0.3175,Low Vulnerability,1119
BPL_CELL_0017,0,16,23.2305,77.4065,Arera Colony Residential Belt,35.9,0.439,42.8,46.9,9.8,Clay Loam,1110.9,42.5,0.3548,Moderate Vulnerability,1037
BPL_CELL_0018,0,17,23.2305,77.4075,Arera Colony Residential Belt,34.9,0.417,35.4,47.1,8.2,Clay Loam,1096.1,42.5,0.3222,Low Vulnerability,1102
BPL_CELL_0019,0,18,23.2305,77.4085,Arera Colony Residential Belt,32.66,0.461,37.9,46.4,8.0,Clay Loam,1124.8,42.5,0.2704,Low Vulnerability,1255
BPL_CELL_0020,0,19,23.2305,77.4095,Arera Colony Residential Belt,34.8,0.457,33.9,45.4,7.7,Clay Loam,1079.2,42.5,0.3034,Low Vulnerability,1174
BPL_CELL_0021,0,20,23.2305,77.4105,Arera Colony Residential Belt,34.89,0.403,36.8,44.4,9.2,Clay Loam,1071.2,42.5,0.3372,Low Vulnerability,1064
BPL_CELL_0022,0,21,23.2305,77.4115,Arera Colony Residential Belt,34.8,0.496,32.9,49.3,7.9,Clay Loam,1073.5,42.5,0.2769,Low Vulnerability,1245
BPL_CELL_0023,0,22,23.2305,77.4125,Arera Colony Residential Belt,36.37,0.39,39.5,49.8,9.7,Clay Loam,1116.0,42.5,0.3677,Moderate Vulnerability,1027
BPL_CELL_0024,0,23,23.2305,77.4135,Arera Colony Residential Belt,35.44,0.464,38.9,45.8,8.3,Clay Loam,1122.3,42.5,0.3268,Low Vulnerability,1086
BPL_CELL_0025,0,24,23.2305,77.4145,MP Nagar Commercial Zone,45.65,0.07,75.5,8.3,18.0,Deep Black Clay (Vertisol),1129.7,42.5,0.8642,Extreme Hotspot,259
BPL_CELL_0026,0,25,23.2305,77.4155,MP Nagar Commercial Zone,46.94,0.041,78.0,8.0,17.8,Deep Black Clay (Vertisol),1083.5,42.5,0.9084,Extreme Hotspot,43
BPL_CELL_0027,0,26,23.2305,77.4165,MP Nagar Commercial Zone,45.57,0.094,81.3,11.6,18.8,Deep Black Clay (Vertisol),1083.7,42.5,0.8634,Extreme Hotspot,262
BPL_CELL_0028,0,27,23.2305,77.4175,MP Nagar Commercial Zone,46.75,0.109,77.1,11.5,18.1,Deep Black Clay (Vertisol),1110.1,42.5,0.8679,Extreme Hotspot,235
BPL_CELL_0029,0,28,23.2305,77.4185,MP Nagar Commercial Zone,46.31,0.076,85.2,8.0,16.4,Deep Black Clay (Vertisol),1118.4,42.5,0.9036,Extreme Hotspot,59
BPL_CELL_0030,0,29,23.2305,77.4195,MP Nagar Commercial Zone,46.47,0.065,82.5,6.6,18.2,Deep Black Clay (Vertisol),1098.0,42.5,0.906,Extreme Hotspot,53
BPL_CELL_0031,0,30,23.2305,77.4205,MP Nagar Commercial Zone,46.02,0.016,82.6,9.4,17.2,Deep Black Clay (Vertisol),1121.7,42.5,0.9114,Extreme Hotspot,38
BPL_CELL_0032,0,31,23.2305,77.4215,MP Nagar Commercial Zone,46.67,0.06,83.3,6.5,18.1,Deep Black Clay (Vertisol),1086.7,42.5,0.9143,Extreme Hotspot,32
BPL_CELL_0033,0,32,23.2305,77.4225,MP Nagar Commercial Zone,46.2,0.128,74.5,11.6,17.6,Deep Black Clay (Vertisol),1130.0,42.5,0.8419,Extreme Hotspot,398
BPL_CELL_0034,0,33,23.2305,77.4235,MP Nagar Commercial Zone,46.11,0.101,73.1,14.7,17.1,Deep Black Clay (Vertisol),1080.0,42.5,0.8405,Extreme Hotspot,408
BPL_CELL_0035,0,34,23.2305,77.4245,MP Nagar Commercial Zone,45.58,0.062,80.0,10.1,16.1,Deep Black Clay (Vertisol),1085.9,42.5,0.8756,Extreme Hotspot,183
BPL_CELL_0036,0,35,23.2305,77.4255,MP Nagar Commercial Zone,48.0,0.067,77.2,5.0,18.7,Deep Black Clay (Vertisol),1129.7,42.5,0.9222,Extreme Hotspot,18
BPL_CELL_0037,0,36,23.2305,77.4265,MP Nagar Commercial Zone,44.85,0.044,82.7,11.6,18.8,Deep Black Clay (Vertisol),1102.5,42.5,0.8736,Extreme Hotspot,199
BPL_CELL_0038,0,37,23.2305,77.4275,MP Nagar Commercial Zone,45.97,0.06,79.8,6.4,17.3,Deep Black Clay (Vertisol),1121.2,42.5,0.8908,Extreme Hotspot,107
BPL_CELL_0039,0,38,23.2305,77.4285,MP Nagar Commercial Zone,47.46,0.124,83.0,10.4,16.8,Deep Black Clay (Vertisol),1084.1,42.5,0.8951,Extreme Hotspot,88
BPL_CELL_0040,0,39,23.2305,77.4295,MP Nagar Commercial Zone,45.44,0.106,86.0,9.0,18.9,Deep Black Clay (Vertisol),1107.2,42.5,0.8752,Extreme Hotspot,184
BPL_CELL_0041,1,0,23.2315,77.3905,Arera Colony Residential Belt,33.76,0.459,27.9,47.0,8.9,Clay Loam,1084.3,42.5,0.2617,Low Vulnerability,1259
BPL_CELL_0042,1,1,23.2315,77.3915,Arera Colony Residential Belt,36.17,0.404,39.2,47.2,9.2,Clay Loam,1115.1,42.5,0.3627,Moderate Vulnerability,1032
BPL_CELL_0043,1,2,23.2315,77.3925,Arera Colony Residential Belt,35.69,0.455,47.7,47.3,9.0,Clay Loam,1085.9,42.5,0.358,Moderate Vulnerability,1036
BPL_CELL_0044,1,3,23.2315,77.3935,Arera Colony Residential Belt,35.08,0.497,33.1,50.1,8.0,Clay Loam,1079.5,42.5,0.2808,Low Vulnerability,1237
BPL_CELL_0045,1,4,23.2315,77.3945,Arera Colony Residential Belt,35.5,0.4,28.1,42.3,8.4,Clay Loam,1119.0,42.5,0.3288,Low Vulnerability,1077
BPL_CELL_0046,1,5,23.2315,77.3955,Arera Colony Residential Belt,34.71,0.426,40.9,49.5,8.3,Clay Loam,1076.9,42.5,0.3262,Low Vulnerability,1089
BPL_CELL_0047,1,6,23.2315,77.3965,Arera Colony Residential Belt,35.69,0.464,35.3,52.0,8.4,Clay Loam,1108.1,42.5,0.3083,Low Vulnerability,1152
BPL_CELL_0048,1,7,23.2315,77.3975,Arera Colony Residential Belt,34.21,0.437,40.0,52.8,7.6,Clay Loam,1075.5,42.5,0.3028,Low Vulnerability,1176
BPL_CELL_0049,1,8,23.2315,77.3985,Arera Colony Residential Belt,34.16,0.451,42.0,48.1,8.1,Clay Loam,1114.5,42.5,0.3118,Low Vulnerability,1137
BPL_CELL_0050,1,9,23.2315,77.3995,Arera Colony Residential Belt,34.27,0.41,34.8,49.2,8.5,Clay Loam,1123.0,42.5,0.3068,Low Vulnerability,1157
BPL_CELL_0051,1,10,23.2315,77.4005,Arera Colony Residential Belt,35.73,0.419,38.3,44.6,8.7,Clay Loam,1088.5,42.5,0.351,Moderate Vulnerability,1043
BPL_CELL_0052,1,11,23.2315,77.4015,Arera Colony Residential Belt,35.18,0.483,32.3,52.1,7.2,Clay Loam,1082.6,42.5,0.2819,Low Vulnerability,1234
BPL_CELL_0053,1,12,23.2315,77.4025,Arera Colony Residential Belt,34.8,0.454,37.4,41.9,7.6,Clay Loam,1079.3,42.5,0.322,Low Vulnerability,1104
BPL_CELL_0054,1,13,23.2315,77.4035,Arera Colony Residential Belt,35.5,0.494,33.0,53.4,8.3,Clay Loam,1122.9,42.5,0.283,Low Vulnerability,1230
BPL_CELL_0055,1,14,23.2315,77.4045,Arera Colony Residential Belt,36.25,0.448,32.0,54.0,9.0,Clay Loam,1118.6,42.5,0.3116,Low Vulnerability,1139
BPL_CELL_0056,1,15,23.2315,77.4055,Arera Colony Residential Belt,33.1,0.434,42.1,52.7,9.5,Clay Loam,1121.5,42.5,0.2891,Low Vulnerability,1218
BPL_CELL_0057,1,16,23.2315,77.4065,Arera Colony Residential Belt,35.09,0.494,33.1,48.6,8.7,Clay Loam,1071.4,42.5,0.2853,Low Vulnerability,1226
BPL_CELL_0058,1,17,23.2315,77.4075,Arera Colony Residential Belt,34.18,0.449,38.9,53.2,6.9,Clay Loam,1086.7,42.5,0.2934,Low Vulnerability,1203
BPL_CELL_0059,1,18,23.2315,77.4085,Arera Colony Residential Belt,34.23,0.416,40.3,47.6,8.9,Clay Loam,1128.2,42.5,0.3231,Low Vulnerability,1097
BPL_CELL_0060,1,19,23.2315,77.4095,Arera Colony Residential Belt,34.63,0.473,44.1,47.9,8.9,Clay Loam,1096.1,42.5,0.3186,Low Vulnerability,1115
BPL_CELL_0061,1,20,23.2315,77.4105,Arera Colony Residential Belt,34.7,0.414,32.7,45.8,7.7,Clay Loam,1085.3,42.5,0.3143,Low Vulnerability,1132
BPL_CELL_0062,1,21,23.2315,77.4115,Arera Colony Residential Belt,35.58,0.44,35.8,51.3,8.1,Clay Loam,1113.2,42.5,0.3186,Low Vulnerability,1116
BPL_CELL_0063,1,22,23.2315,77.4125,Arera Colony Residential Belt,34.73,0.395,35.1,48.9,8.1,Clay Loam,1088.8,42.5,0.3231,Low Vulnerability,1098
BPL_CELL_0064,1,23,23.2315,77.4135,Arera Colony Residential Belt,34.11,0.468,31.4,47.2,9.2,Clay Loam,1094.5,42.5,0.2747,Low Vulnerability,1250
BPL_CELL_0065,1,24,23.2315,77.4145,MP Nagar Commercial Zone,45.58,0.074,83.5,11.5,18.9,Deep Black Clay (Vertisol),1124.2,42.5,0.8782,Extreme Hotspot,166
BPL_CELL_0066,1,25,23.2315,77.4155,MP Nagar Commercial Zone,45.7,0.041,79.0,9.4,17.8,Deep Black Clay (Vertisol),1087.2,42.5,0.8847,Extreme Hotspot,133
BPL_CELL_0067,1,26,23.2315,77.4165,MP Nagar Commercial Zone,45.13,0.077,78.8,6.7,17.3,Deep Black Clay (Vertisol),1098.4,42.5,0.8644,Extreme Hotspot,256
BPL_CELL_0068,1,27,23.2315,77.4175,MP Nagar Commercial Zone,46.42,0.104,77.4,10.1,18.1,Deep Black Clay (Vertisol),1100.9,42.5,0.8673,Extreme Hotspot,238
BPL_CELL_0069,1,28,23.2315,77.4185,MP Nagar Commercial Zone,45.65,0.04,83.4,5.0,17.5,Deep Black Clay (Vertisol),1081.9,42.5,0.9061,Extreme Hotspot,52
BPL_CELL_0070,1,29,23.2315,77.4195,MP Nagar Commercial Zone,45.63,0.082,81.4,5.0,18.0,Deep Black Clay (Vertisol),1074.4,42.5,0.8831,Extreme Hotspot,145
BPL_CELL_0071,1,30,23.2315,77.4205,MP Nagar Commercial Zone,45.11,0.082,82.8,12.2,17.2,Deep Black Clay (Vertisol),1109.4,42.5,0.8625,Extreme Hotspot,272
BPL_CELL_0072,1,31,23.2315,77.4215,MP Nagar Commercial Zone,46.22,0.11,81.2,9.7,17.4,Deep Black Clay (Vertisol),1095.5,42.5,0.8731,Extreme Hotspot,202
BPL_CELL_0073,1,32,23.2315,77.4225,MP Nagar Commercial Zone,47.22,0.127,79.9,9.4,17.8,Deep Black Clay (Vertisol),1097.4,42.5,0.8823,Extreme Hotspot,148
BPL_CELL_0074,1,33,23.2315,77.4235,MP Nagar Commercial Zone,47.95,0.074,76.1,13.5,17.7,Deep Black Clay (Vertisol),1127.0,42.5,0.8978,Extreme Hotspot,78
BPL_CELL_0075,1,34,23.2315,77.4245,MP Nagar Commercial Zone,47.16,0.034,80.2,6.0,18.3,Deep Black Clay (Vertisol),1123.8,42.5,0.926,Extreme Hotspot,14
BPL_CELL_0076,1,35,23.2315,77.4255,MP Nagar Commercial Zone,45.21,0.059,77.0,9.4,18.4,Deep Black Clay (Vertisol),1108.3,42.5,0.8623,Extreme Hotspot,273
BPL_CELL_0077,1,36,23.2315,77.4265,MP Nagar Commercial Zone,46.31,0.024,79.0,7.8,18.4,Deep Black Clay (Vertisol),1086.3,42.5,0.9065,Extreme Hotspot,51
BPL_CELL_0078,1,37,23.2315,77.4275,MP Nagar Commercial Zone,46.55,0.044,85.0,10.0,18.2,Deep Black Clay (Vertisol),1111.6,42.5,0.9163,Extreme Hotspot,31
BPL_CELL_0079,1,38,23.2315,77.4285,MP Nagar Commercial Zone,46.11,0.049,77.3,11.6,17.3,Deep Black Clay (Vertisol),1095.2,42.5,0.8799,Extreme Hotspot,157
BPL_CELL_0080,1,39,23.2315,77.4295,MP Nagar Commercial Zone,46.51,0.093,78.4,7.5,16.3,Deep Black Clay (Vertisol),1115.9,42.5,0.8817,Extreme Hotspot,150
BPL_CELL_0081,2,0,23.2325,77.3905,Arera Colony Residential Belt,34.73,0.442,32.5,52.0,9.7,Clay Loam,1095.1,42.5,0.2904,Low Vulnerability,1213
BPL_CELL_0082,2,1,23.2325,77.3915,Arera Colony Residential Belt,33.03,0.439,31.6,46.3,8.2,Clay Loam,1083.2,42.5,0.268,Low Vulnerability,1258
BPL_CELL_0083,2,2,23.2325,77.3925,Arera Colony Residential Belt,34.6,0.443,33.3,51.9,8.1,Clay Loam,1098.0,42.5,0.2901,Low Vulnerability,1215
BPL_CELL_0084,2,3,23.2325,77.3935,Arera Colony Residential Belt,35.11,0.469,39.5,51.0,8.6,Clay Loam,1103.9,42.5,0.3096,Low Vulnerability,1147
BPL_CELL_0085,2,4,23.2325,77.3945,Arera Colony Residential Belt,36.07,0.447,38.6,50.5,9.2,Clay Loam,1082.7,42.5,0.3351,Low Vulnerability,1066
BPL_CELL_0086,2,5,23.2325,77.3955,Arera Colony Residential Belt,35.07,0.416,41.2,44.4,9.4,Clay Loam,1119.9,42.5,0.3484,Low Vulnerability,1046
BPL_CELL_0087,2,6,23.2325,77.3965,Arera Colony Residential Belt,34.79,0.452,40.3,48.5,9.2,Clay Loam,1109.0,42.5,0.3177,Low Vulnerability,1118
BPL_CELL_0088,2,7,23.2325,77.3975,Arera Colony Residential Belt,34.8,0.448,31.0,48.2,6.5,Clay Loam,1082.0,42.5,0.2927,Low Vulnerability,1208
BPL_CELL_0089,2,8,23.2325,77.3985,Arera Colony Residential Belt,35.31,0.442,39.7,51.2,8.0,Clay Loam,1112.0,42.5,0.3243,Low Vulnerability,1094
BPL_CELL_0090,2,9,23.2325,77.3995,Arera Colony Residential Belt,34.55,0.442,33.9,44.1,7.7,Clay Loam,1076.9,42.5,0.3072,Low Vulnerability,1156
BPL_CELL_0091,2,10,23.2325,77.4005,Arera Colony Residential Belt,35.78,0.37,36.6,48.4,8.0,Clay Loam,1127.5,42.5,0.3587,Moderate Vulnerability,1034
BPL_CELL_0092,2,11,23.2325,77.4015,Arera Colony Residential Belt,36.05,0.402,39.4,52.1,9.1,Clay Loam,1107.6,42.5,0.3518,Moderate Vulnerability,1042
BPL_CELL_0093,2,12,23.2325,77.4025,Arera Colony Residential Belt,36.04,0.471,38.8,44.7,10.2,Clay Loam,1117.0,42.5,0.3374,Low Vulnerability,1063
BPL_CELL_0094,2,13,23.2325,77.4035,Arera Colony Residential Belt,36.58,0.422,39.0,45.6,9.2,Clay Loam,1090.5,42.5,0.3661,Moderate Vulnerability,1030
BPL_CELL_0095,2,14,23.2325,77.4045,Arera Colony Residential Belt,35.78,0.395,43.0,52.0,7.5,Clay Loam,1112.4,42.5,0.3602,Moderate Vulnerability,1033
BPL_CELL_0096,2,15,23.2325,77.4055,Arera Colony Residential Belt,33.53,0.395,38.2,50.3,8.4,Clay Loam,1118.5,42.5,0.3064,Low Vulnerability,1160
BPL_CELL_0097,2,16,23.2325,77.4065,Arera Colony Residential Belt,33.8,0.432,30.8,49.9,8.3,Clay Loam,1119.8,42.5,0.2758,Low Vulnerability,1246
BPL_CELL_0098,2,17,23.2325,77.4075,Arera Colony Residential Belt,36.55,0.493,39.7,48.1,9.4,Clay Loam,1106.6,42.5,0.3341,Low Vulnerability,1068
BPL_CELL_0099,2,18,23.2325,77.4085,Arera Colony Residential Belt,34.64,0.445,37.3,46.5,8.8,Clay Loam,1090.4,42.5,0.3129,Low Vulnerability,1135
BPL_CELL_0100,2,19,23.2325,77.4095,Arera Colony Residential Belt,36.36,0.474,32.3,47.9,8.6,Clay Loam,1126.9,42.5,0.3167,Low Vulnerability,1121
BPL_CELL_0101,2,20,23.2325,77.4105,Arera Colony Residential Belt,36.03,0.465,30.1,48.4,8.1,Clay Loam,1099.4,42.5,0.3065,Low Vulnerability,1159
BPL_CELL_0102,2,21,23.2325,77.4115,Arera Colony Residential Belt,33.59,0.444,34.5,48.8,9.7,Clay Loam,1088.4,42.5,0.2802,Low Vulnerability,1239
BPL_CELL_0103,2,22,23.2325,77.4125,Arera Colony Residential Belt,33.91,0.423,32.4,47.4,8.5,Clay Loam,1112.2,42.5,0.2914,Low Vulnerability,1210
BPL_CELL_0104,2,23,23.2325,77.4135,Arera Colony Residential Belt,33.99,0.437,38.6,49.4,8.9,Clay Loam,1077.2,42.5,0.3015,Low Vulnerability,1180
BPL_CELL_0105,2,24,23.2325,77.4145,MP Nagar Commercial Zone,44.71,0.049,82.0,11.4,16.5,Deep Black Clay (Vertisol),1128.6,42.5,0.8673,Extreme Hotspot,239
BPL_CELL_0106,2,25,23.2325,77.4155,MP Nagar Commercial Zone,46.34,0.036,80.6,11.1,18.1,Deep Black Clay (Vertisol),1083.6,42.5,0.9002,Extreme Hotspot,69
BPL_CELL_0107,2,26,23.2325,77.4165,MP Nagar Commercial Zone,46.27,0.065,78.3,9.0,18.8,Deep Black Clay (Vertisol),1111.8,42.5,0.8849,Extreme Hotspot,129
BPL_CELL_0108,2,27,23.2325,77.4175,MP Nagar Commercial Zone,46.02,0.102,86.0,5.0,17.9,Deep Black Clay (Vertisol),1104.4,42.5,0.8961,Extreme Hotspot,81
BPL_CELL_0109,2,28,23.2325,77.4185,MP Nagar Commercial Zone,45.25,0.066,81.5,10.4,18.7,Deep Black Clay (Vertisol),1119.3,42.5,0.8714,Extreme Hotspot,209
BPL_CELL_0110,2,29,23.2325,77.4195,MP Nagar Commercial Zone,45.83,0.05,81.8,8.8,17.6,Deep Black Clay (Vertisol),1079.0,42.5,0.8931,Extreme Hotspot,100
BPL_CELL_0111,2,30,23.2325,77.4205,MP Nagar Commercial Zone,45.49,0.05,82.8,9.4,17.9,Deep Black Clay (Vertisol),1117.4,42.5,0.8883,Extreme Hotspot,116
BPL_CELL_0112,2,31,23.2325,77.4215,MP Nagar Commercial Zone,44.98,0.066,85.2,6.4,18.1,Deep Black Clay (Vertisol),1121.6,42.5,0.8853,Extreme Hotspot,126
BPL_CELL_0113,2,32,23.2325,77.4225,MP Nagar Commercial Zone,46.97,0.058,77.5,6.7,17.7,Deep Black Clay (Vertisol),1082.5,42.5,0.9034,Extreme Hotspot,60
BPL_CELL_0114,2,33,23.2325,77.4235,MP Nagar Commercial Zone,44.02,0.071,86.0,9.0,18.2,Deep Black Clay (Vertisol),1074.5,42.5,0.8619,Extreme Hotspot,278
BPL_CELL_0115,2,34,23.2325,77.4245,MP Nagar Commercial Zone,47.18,0.061,78.6,8.1,17.9,Deep Black Clay (Vertisol),1112.2,42.5,0.9066,Extreme Hotspot,49
BPL_CELL_0116,2,35,23.2325,77.4255,MP Nagar Commercial Zone,47.6,0.016,82.5,12.5,17.2,Deep Black Clay (Vertisol),1107.5,42.5,0.9351,Extreme Hotspot,10
BPL_CELL_0117,2,36,23.2325,77.4265,MP Nagar Commercial Zone,45.09,0.001,77.1,11.2,16.8,Deep Black Clay (Vertisol),1119.6,42.5,0.8797,Extreme Hotspot,158
BPL_CELL_0118,2,37,23.2325,77.4275,MP Nagar Commercial Zone,44.63,0.076,81.9,7.7,19.0,Deep Black Clay (Vertisol),1104.2,42.5,0.8623,Extreme Hotspot,274
BPL_CELL_0119,2,38,23.2325,77.4285,MP Nagar Commercial Zone,46.09,0.075,79.0,5.2,18.7,Deep Black Clay (Vertisol),1099.6,42.5,0.8873,Extreme Hotspot,120
BPL_CELL_0120,2,39,23.2325,77.4295,MP Nagar Commercial Zone,45.83,0.067,81.5,7.1,18.1,Deep Black Clay (Vertisol),1085.0,42.5,0.8889,Extreme Hotspot,115
BPL_CELL_0121,3,0,23.2335,77.3905,Arera Colony Residential Belt,36.73,0.482,38.4,44.6,11.5,Clay Loam,1110.3,42.5,0.3453,Low Vulnerability,1050
BPL_CELL_0122,3,1,23.2335,77.3915,Arera Colony Residential Belt,33.72,0.439,37.0,48.1,7.6,Clay Loam,1109.1,42.5,0.2934,Low Vulnerability,1204
BPL_CELL_0123,3,2,23.2335,77.3925,Arera Colony Residential Belt,35.29,0.43,31.7,45.8,8.2,Clay Loam,1090.9,42.5,0.3163,Low Vulnerability,1123
BPL_CELL_0124,3,3,23.2335,77.3935,Arera Colony Residential Belt,34.82,0.418,40.5,49.7,7.9,Clay Loam,1111.6,42.5,0.3299,Low Vulnerability,1076
BPL_CELL_0125,3,4,23.2335,77.3945,Arera Colony Residential Belt,34.28,0.51,37.7,44.5,7.8,Clay Loam,1089.4,42.5,0.2853,Low Vulnerability,1227
BPL_CELL_0126,3,5,23.2335,77.3955,Arera Colony Residential Belt,35.02,0.47,35.3,39.1,8.3,Clay Loam,1109.5,42.5,0.3194,Low Vulnerability,1111
BPL_CELL_0127,3,6,23.2335,77.3965,Arera Colony Residential Belt,33.9,0.432,37.3,50.6,8.5,Clay Loam,1115.6,42.5,0.2954,Low Vulnerability,1198
BPL_CELL_0128,3,7,23.2335,77.3975,Arera Colony Residential Belt,33.54,0.451,40.2,50.9,8.1,Clay Loam,1111.9,42.5,0.2889,Low Vulnerability,1219
BPL_CELL_0129,3,8,23.2335,77.3985,Arera Colony Residential Belt,36.55,0.496,34.0,46.6,9.1,Clay Loam,1103.1,42.5,0.3193,Low Vulnerability,1113
BPL_CELL_0130,3,9,23.2335,77.3995,Arera Colony Residential Belt,35.76,0.518,42.0,50.9,8.0,Clay Loam,1077.0,42.5,0.3101,Low Vulnerability,1143
BPL_CELL_0131,3,10,23.2335,77.4005,Arera Colony Residential Belt,35.32,0.409,35.1,44.5,8.3,Clay Loam,1128.8,42.5,0.3379,Low Vulnerability,1062
BPL_CELL_0132,3,11,23.2335,77.4015,Arera Colony Residential Belt,36.49,0.441,40.4,43.0,9.7,Clay Loam,1100.5,42.5,0.3662,Moderate Vulnerability,1029
BPL_CELL_0133,3,12,23.2335,77.4025,Arera Colony Residential Belt,36.11,0.399,35.0,53.2,6.9,Clay Loam,1100.5,42.5,0.3389,Low Vulnerability,1058
BPL_CELL_0134,3,13,23.2335,77.4035,Arera Colony Residential Belt,35.87,0.45,33.4,46.8,9.5,Clay Loam,1129.9,42.5,0.3224,Low Vulnerability,1101
BPL_CELL_0135,3,14,23.2335,77.4045,Arera Colony Residential Belt,34.29,0.441,32.9,47.3,7.6,Clay Loam,1097.3,42.5,0.2932,Low Vulnerability,1205
BPL_CELL_0136,3,15,23.2335,77.4055,Arera Colony Residential Belt,34.44,0.432,38.0,46.7,7.5,Clay Loam,1084.0,42.5,0.3158,Low Vulnerability,1127
BPL_CELL_0137,3,16,23.2335,77.4065,Arera Colony Residential Belt,34.84,0.431,35.8,43.3,8.8,Clay Loam,1109.8,42.5,0.3244,Low Vulnerability,1093
BPL_CELL_0138,3,17,23.2335,77.4075,Arera Colony Residential Belt,33.98,0.476,27.1,47.2,8.5,Clay Loam,1100.1,42.5,0.2564,Low Vulnerability,1262
BPL_CELL_0139,3,18,23.2335,77.4085,Arera Colony Residential Belt,33.27,0.407,38.7,45.7,7.6,Clay Loam,1113.3,42.5,0.3075,Low Vulnerability,1155
BPL_CELL_0140,3,19,23.2335,77.4095,Arera Colony Residential Belt,34.64,0.403,38.7,49.9,9.2,Clay Loam,1128.2,42.5,0.3268,Low Vulnerability,1087
BPL_CELL_0141,3,20,23.2335,77.4105,Arera Colony Residential Belt,34.07,0.479,32.0,43.3,9.5,Clay Loam,1092.8,42.5,0.2793,Low Vulnerability,1241
BPL_CELL_0142,3,21,23.2335,77.4115,Arera Colony Residential Belt,33.37,0.421,41.1,48.4,6.9,Clay Loam,1072.2,42.5,0.3053,Low Vulnerability,1166
BPL_CELL_0143,3,22,23.2335,77.4125,Arera Colony Residential Belt,35.96,0.458,46.6,43.1,8.5,Clay Loam,1075.9,42.5,0.3673,Moderate Vulnerability,1028
BPL_CELL_0144,3,23,23.2335,77.4135,Arera Colony Residential Belt,33.84,0.399,30.7,43.7,8.9,Clay Loam,1124.2,42.5,0.3022,Low Vulnerability,1179
BPL_CELL_0145,3,24,23.2335,77.4145,MP Nagar Commercial Zone,47.74,0.075,80.1,12.3,18.4,Deep Black Clay (Vertisol),1104.0,42.5,0.9076,Extreme Hotspot,47
BPL_CELL_0146,3,25,23.2335,77.4155,MP Nagar Commercial Zone,47.08,0.065,78.9,14.8,18.6,Deep Black Clay (Vertisol),1107.2,42.5,0.8903,Extreme Hotspot,111
BPL_CELL_0147,3,26,23.2335,77.4165,MP Nagar Commercial Zone,46.31,0.126,83.4,11.6,17.8,Deep Black Clay (Vertisol),1070.6,42.5,0.871,Extreme Hotspot,213
BPL_CELL_0148,3,27,23.2335,77.4175,MP Nagar Commercial Zone,46.89,0.082,73.9,8.7,17.4,Deep Black Clay (Vertisol),1096.5,42.5,0.8776,Extreme Hotspot,167
BPL_CELL_0149,3,28,23.2335,77.4185,MP Nagar Commercial Zone,45.52,0.093,78.6,7.1,17.8,Deep Black Clay (Vertisol),1082.0,42.5,0.8641,Extreme Hotspot,261
BPL_CELL_0150,3,29,23.2335,77.4195,MP Nagar Commercial Zone,47.94,0.034,83.7,9.8,18.8,Deep Black Clay (Vertisol),1104.5,42.5,0.9435,Extreme Hotspot,3
BPL_CELL_0151,3,30,23.2335,77.4205,MP Nagar Commercial Zone,46.95,0.059,86.1,8.9,17.6,Deep Black Clay (Vertisol),1111.1,42.5,0.9234,Extreme Hotspot,16
BPL_CELL_0152,3,31,23.2335,77.4215,MP Nagar Commercial Zone,47.35,0.06,79.9,6.7,17.2,Deep Black Clay (Vertisol),1124.2,42.5,0.917,Extreme Hotspot,28
BPL_CELL_0153,3,32,23.2335,77.4225,MP Nagar Commercial Zone,45.84,0.112,78.4,7.8,17.1,Deep Black Clay (Vertisol),1110.7,42.5,0.8606,Extreme Hotspot,282
BPL_CELL_0154,3,33,23.2335,77.4235,MP Nagar Commercial Zone,45.25,0.052,76.0,11.7,16.8,Deep Black Clay (Vertisol),1124.2,42.5,0.8582,Extreme Hotspot,302
BPL_CELL_0155,3,34,23.2335,77.4245,MP Nagar Commercial Zone,45.73,0.039,76.7,10.9,17.8,Deep Black Clay (Vertisol),1087.7,42.5,0.8763,Extreme Hotspot,177
BPL_CELL_0156,3,35,23.2335,77.4255,MP Nagar Commercial Zone,45.81,0.06,78.8,12.0,18.5,Deep Black Clay (Vertisol),1128.3,42.5,0.8734,Extreme Hotspot,200
BPL_CELL_0157,3,36,23.2335,77.4265,MP Nagar Commercial Zone,44.25,0.047,82.3,7.5,18.2,Deep Black Clay (Vertisol),1118.4,42.5,0.8681,Extreme Hotspot,233
BPL_CELL_0158,3,37,23.2335,77.4275,MP Nagar Commercial Zone,45.28,0.059,77.8,15.3,19.2,Deep Black Clay (Vertisol),1078.4,42.5,0.8539,Extreme Hotspot,324
BPL_CELL_0159,3,38,23.2335,77.4285,MP Nagar Commercial Zone,47.95,0.048,79.4,5.0,19.2,Deep Black Clay (Vertisol),1091.9,42.5,0.9353,Extreme Hotspot,9
BPL_CELL_0160,3,39,23.2335,77.4295,MP Nagar Commercial Zone,45.87,0.061,80.4,6.3,17.6,Deep Black Clay (Vertisol),1110.4,42.5,0.8905,Extreme Hotspot,110
BPL_CELL_0161,4,0,23.2345,77.3905,Arera Colony Residential Belt,34.24,0.405,39.7,41.6,9.0,Clay Loam,1071.5,42.5,0.3382,Low Vulnerability,1060
BPL_CELL_0162,4,1,23.2345,77.3915,Arera Colony Residential Belt,35.21,0.469,33.0,49.8,8.2,Clay Loam,1073.8,42.5,0.2948,Low Vulnerability,1199
BPL_CELL_0163,4,2,23.2345,77.3925,Arera Colony Residential Belt,35.68,0.381,34.8,50.9,9.7,Clay Loam,1088.3,42.5,0.342,Low Vulnerability,1053
BPL_CELL_0164,4,3,23.2345,77.3935,Arera Colony Residential Belt,36.47,0.426,36.1,49.2,8.2,Clay Loam,1097.2,42.5,0.3465,Low Vulnerability,1049
BPL_CELL_0165,4,4,23.2345,77.3945,Arera Colony Residential Belt,34.09,0.397,39.4,47.0,8.5,Clay Loam,1094.9,42.5,0.3266,Low Vulnerability,1088
BPL_CELL_0166,4,5,23.2345,77.3955,Arera Colony Residential Belt,34.28,0.468,38.4,41.8,9.6,Clay Loam,1072.0,42.5,0.3096,Low Vulnerability,1148
BPL_CELL_0167,4,6,23.2345,77.3965,Arera Colony Residential Belt,34.13,0.464,42.6,46.2,9.5,Clay Loam,1102.7,42.5,0.3117,Low Vulnerability,1138
BPL_CELL_0168,4,7,23.2345,77.3975,Arera Colony Residential Belt,35.6,0.468,35.5,46.4,8.8,Clay Loam,1077.3,42.5,0.317,Low Vulnerability,1120
BPL_CELL_0169,4,8,23.2345,77.3985,Arera Colony Residential Belt,35.37,0.413,33.4,44.3,8.4,Clay Loam,1117.2,42.5,0.3327,Low Vulnerability,1071
BPL_CELL_0170,4,9,23.2345,77.3995,Arera Colony Residential Belt,34.69,0.441,37.8,47.0,8.4,Clay Loam,1115.9,42.5,0.3159,Low Vulnerability,1126
BPL_CELL_0171,4,10,23.2345,77.4005,Arera Colony Residential Belt,34.97,0.46,38.1,46.0,9.5,Clay Loam,1070.2,42.5,0.3166,Low Vulnerability,1122
BPL_CELL_0172,4,11,23.2345,77.4015,Arera Colony Residential Belt,36.35,0.451,34.5,49.6,8.9,Clay Loam,1080.5,42.5,0.3287,Low Vulnerability,1078
BPL_CELL_0173,4,12,23.2345,77.4025,Arera Colony Residential Belt,34.69,0.434,42.2,48.5,8.6,Clay Loam,1080.5,42.5,0.3285,Low Vulnerability,1079
BPL_CELL_0174,4,13,23.2345,77.4035,Arera Colony Residential Belt,35.59,0.487,37.9,43.1,8.3,Clay Loam,1098.6,42.5,0.3231,Low Vulnerability,1099
BPL_CELL_0175,4,14,23.2345,77.4045,Arera Colony Residential Belt,34.99,0.405,39.2,50.2,8.7,Clay Loam,1117.0,42.5,0.3335,Low Vulnerability,1069
BPL_CELL_0176,4,15,23.2345,77.4055,Arera Colony Residential Belt,34.71,0.464,32.8,40.5,9.0,Clay Loam,1073.6,42.5,0.3057,Low Vulnerability,1162
BPL_CELL_0177,4,16,23.2345,77.4065,Arera Colony Residential Belt,33.9,0.444,34.4,44.8,8.8,Clay Loam,1074.8,42.5,0.294,Low Vulnerability,1202
BPL_CELL_0178,4,17,23.2345,77.4075,Arera Colony Residential Belt,34.61,0.431,35.2,47.3,9.6,Clay Loam,1102.9,42.5,0.31,Low Vulnerability,1145
BPL_CELL_0179,4,18,23.2345,77.4085,Arera Colony Residential Belt,33.48,0.526,32.2,47.4,8.2,Clay Loam,1112.1,42.5,0.2415,Low Vulnerability,1264
BPL_CELL_0180,4,19,23.2345,77.4095,Arera Colony Residential Belt,34.55,0.466,31.9,48.6,7.2,Clay Loam,1082.9,42.5,0.2826,Low Vulnerability,1231
BPL_CELL_0181,4,20,23.2345,77.4105,Arera Colony Residential Belt,34.18,0.446,34.0,50.8,8.2,Clay Loam,1095.6,42.5,0.2851,Low Vulnerability,1228
BPL_CELL_0182,4,21,23.2345,77.4115,Arera Colony Residential Belt,35.0,0.425,33.1,51.9,10.0,Clay Loam,1074.0,42.5,0.3043,Low Vulnerability,1172
BPL_CELL_0183,4,22,23.2345,77.4125,Arera Colony Residential Belt,35.0,0.428,40.7,50.8,8.9,Clay Loam,1105.2,42.5,0.3277,Low Vulnerability,1083
BPL_CELL_0184,4,23,23.2345,77.4135,Arera Colony Residential Belt,33.74,0.415,34.8,50.0,9.0,Clay Loam,1109.9,42.5,0.293,Low Vulnerability,1206
BPL_CELL_0185,4,24,23.2345,77.4145,MP Nagar Commercial Zone,46.2,-0.0,79.3,5.0,17.2,Deep Black Clay (Vertisol),1104.7,42.5,0.9206,Extreme Hotspot,20
BPL_CELL_0186,4,25,23.2345,77.4155,MP Nagar Commercial Zone,45.71,0.07,86.0,9.0,18.2,Deep Black Clay (Vertisol),1120.7,42.5,0.8948,Extreme Hotspot,90
BPL_CELL_0187,4,26,23.2345,77.4165,MP Nagar Commercial Zone,45.17,0.098,75.3,7.1,19.0,Deep Black Clay (Vertisol),1119.1,42.5,0.8457,Extreme Hotspot,376
BPL_CELL_0188,4,27,23.2345,77.4175,MP Nagar Commercial Zone,44.18,0.027,77.7,16.3,18.1,Deep Black Clay (Vertisol),1119.8,42.5,0.8432,Extreme Hotspot,391
BPL_CELL_0189,4,28,23.2345,77.4185,MP Nagar Commercial Zone,46.14,0.079,80.1,7.0,17.8,Deep Black Clay (Vertisol),1122.2,42.5,0.8862,Extreme Hotspot,125
BPL_CELL_0190,4,29,23.2345,77.4195,MP Nagar Commercial Zone,46.28,0.032,79.6,12.2,18.7,Deep Black Clay (Vertisol),1071.8,42.5,0.8955,Extreme Hotspot,85
BPL_CELL_0191,4,30,23.2345,77.4205,MP Nagar Commercial Zone,46.18,0.039,78.2,10.8,16.9,Deep Black Clay (Vertisol),1116.6,42.5,0.8895,Extreme Hotspot,113
BPL_CELL_0192,4,31,23.2345,77.4215,MP Nagar Commercial Zone,47.25,0.048,80.4,11.2,18.0,Deep Black Clay (Vertisol),1107.1,42.5,0.9121,Extreme Hotspot,36
BPL_CELL_0193,4,32,23.2345,77.4225,MP Nagar Commercial Zone,45.87,0.039,78.9,6.6,17.2,Deep Black Clay (Vertisol),1115.3,42.5,0.8942,Extreme Hotspot,93
BPL_CELL_0194,4,33,23.2345,77.4235,MP Nagar Commercial Zone,46.46,0.084,83.4,8.6,19.0,Deep Black Clay (Vertisol),1099.2,42.5,0.8967,Extreme Hotspot,80
BPL_CELL_0195,4,34,23.2345,77.4245,MP Nagar Commercial Zone,46.06,0.052,77.3,12.0,18.5,Deep Black Clay (Vertisol),1082.7,42.5,0.8769,Extreme Hotspot,173
BPL_CELL_0196,4,35,23.2345,77.4255,MP Nagar Commercial Zone,46.24,0.075,83.0,9.3,17.9,Deep Black Clay (Vertisol),1114.8,42.5,0.8935,Extreme Hotspot,98
BPL_CELL_0197,4,36,23.2345,77.4265,MP Nagar Commercial Zone,46.6,0.086,79.8,6.1,18.5,Deep Black Clay (Vertisol),1074.3,42.5,0.8932,Extreme Hotspot,99
BPL_CELL_0198,4,37,23.2345,77.4275,MP Nagar Commercial Zone,44.79,0.066,80.2,14.8,18.0,Deep Black Clay (Vertisol),1121.7,42.5,0.8498,Extreme Hotspot,353
BPL_CELL_0199,4,38,23.2345,77.4285,MP Nagar Commercial Zone,45.16,0.042,80.1,6.5,17.9,Deep Black Clay (Vertisol),1089.5,42.5,0.8831,Extreme Hotspot,146
BPL_CELL_0200,4,39,23.2345,77.4295,MP Nagar Commercial Zone,46.32,0.073,76.4,12.8,16.2,Deep Black Clay (Vertisol),1075.3,42.5,0.8693,Extreme Hotspot,226
BPL_CELL_0201,5,0,23.2355,77.3905,Arera Colony Residential Belt,35.18,0.421,32.4,46.1,8.0,Clay Loam,1090.4,42.5,0.3192,Low Vulnerability,1114
BPL_CELL_0202,5,1,23.2355,77.3915,Arera Colony Residential Belt,35.27,0.431,37.8,46.5,8.5,Clay Loam,1100.6,42.5,0.332,Low Vulnerability,1072
BPL_CELL_0203,5,2,23.2355,77.3925,Arera Colony Residential Belt,35.49,0.424,35.1,42.5,8.7,Clay Loam,1078.8,42.5,0.3393,Low Vulnerability,1056
BPL_CELL_0204,5,3,23.2355,77.3935,Arera Colony Residential Belt,34.19,0.453,40.5,48.3,7.3,Clay Loam,1080.6,42.5,0.3068,Low Vulnerability,1158
BPL_CELL_0205,5,4,23.2355,77.3945,Arera Colony Residential Belt,34.95,0.405,36.2,42.9,6.8,Clay Loam,1103.9,42.5,0.3389,Low Vulnerability,1059
BPL_CELL_0206,5,5,23.2355,77.3955,Arera Colony Residential Belt,35.44,0.412,32.3,50.8,7.7,Clay Loam,1079.1,42.5,0.3179,Low Vulnerability,1117
BPL_CELL_0207,5,6,23.2355,77.3965,Arera Colony Residential Belt,35.68,0.453,35.1,50.3,9.4,Clay Loam,1088.6,42.5,0.3154,Low Vulnerability,1129
BPL_CELL_0208,5,7,23.2355,77.3975,Arera Colony Residential Belt,35.17,0.43,36.4,48.6,8.2,Clay Loam,1121.9,42.5,0.3221,Low Vulnerability,1103
BPL_CELL_0209,5,8,23.2355,77.3985,Arera Colony Residential Belt,35.56,0.407,32.1,47.9,7.2,Clay Loam,1123.8,42.5,0.3275,Low Vulnerability,1084
BPL_CELL_0210,5,9,23.2355,77.3995,Arera Colony Residential Belt,34.27,0.388,38.0,46.5,7.9,Clay Loam,1098.5,42.5,0.3305,Low Vulnerability,1074
BPL_CELL_0211,5,10,23.2355,77.4005,Arera Colony Residential Belt,34.99,0.449,42.0,51.9,7.8,Clay Loam,1100.3,42.5,0.3207,Low Vulnerability,1107
BPL_CELL_0212,5,11,23.2355,77.4015,Arera Colony Residential Belt,35.99,0.451,38.3,45.0,8.8,Clay Loam,1101.4,42.5,0.3424,Low Vulnerability,1051
BPL_CELL_0213,5,12,23.2355,77.4025,Arera Colony Residential Belt,35.27,0.464,35.3,51.0,7.9,Clay Loam,1117.4,42.5,0.3023,Low Vulnerability,1178
BPL_CELL_0214,5,13,23.2355,77.4035,Arera Colony Residential Belt,35.83,0.433,35.0,51.7,9.2,Clay Loam,1087.0,42.5,0.3231,Low Vulnerability,1100
BPL_CELL_0215,5,14,23.2355,77.4045,Arera Colony Residential Belt,34.58,0.397,41.9,44.6,8.0,Clay Loam,1078.5,42.5,0.3483,Low Vulnerability,1047
BPL_CELL_0216,5,15,23.2355,77.4055,Arera Colony Residential Belt,35.83,0.394,43.4,47.0,7.7,Clay Loam,1105.7,42.5,0.3729,Moderate Vulnerability,1026
BPL_CELL_0217,5,16,23.2355,77.4065,Arera Colony Residential Belt,35.52,0.43,31.6,51.7,9.0,Clay Loam,1119.7,42.5,0.3083,Low Vulnerability,1153
BPL_CELL_0218,5,17,23.2355,77.4075,Arera Colony Residential Belt,33.56,0.437,30.7,43.7,8.3,Clay Loam,1095.4,42.5,0.2816,Low Vulnerability,1236
BPL_CELL_0219,5,18,23.2355,77.4085,Arera Colony Residential Belt,34.25,0.462,37.0,49.9,9.4,Clay Loam,1083.6,42.5,0.2907,Low Vulnerability,1212
BPL_CELL_0220,5,19,23.2355,77.4095,Arera Colony Residential Belt,34.46,0.448,37.1,48.8,8.2,Clay Loam,1116.3,42.5,0.3029,Low Vulnerability,1175
BPL_CELL_0221,5,20,23.2355,77.4105,Arera Colony Residential Belt,35.75,0.386,39.1,48.6,8.5,Clay Loam,1092.6,42.5,0.3587,Moderate Vulnerability,1035
BPL_CELL_0222,5,21,23.2355,77.4115,Arera Colony Residential Belt,34.33,0.47,41.6,48.7,7.1,Clay Loam,1079.9,42.5,0.3051,Low Vulnerability,1168
BPL_CELL_0223,5,22,23.2355,77.4125,Arera Colony Residential Belt,33.94,0.452,34.8,46.0,7.9,Clay Loam,1114.9,42.5,0.2903,Low Vulnerability,1214
BPL_CELL_0224,5,23,23.2355,77.4135,Arera Colony Residential Belt,35.05,0.405,37.4,46.0,9.9,Clay Loam,1098.1,42.5,0.338,Low Vulnerability,1061
BPL_CELL_0225,5,24,23.2355,77.4145,MP Nagar Commercial Zone,46.64,0.035,89.0,6.0,17.2,Deep Black Clay (Vertisol),1092.9,42.5,0.9415,Extreme Hotspot,5
BPL_CELL_0226,5,25,23.2355,77.4155,MP Nagar Commercial Zone,46.37,-0.017,79.4,11.7,16.5,Deep Black Clay (Vertisol),1078.3,42.5,0.9172,Extreme Hotspot,27
BPL_CELL_0227,5,26,23.2355,77.4165,MP Nagar Commercial Zone,46.2,0.103,84.1,6.8,19.0,Deep Black Clay (Vertisol),1121.1,42.5,0.8899,Extreme Hotspot,112
BPL_CELL_0228,5,27,23.2355,77.4175,MP Nagar Commercial Zone,47.25,0.049,86.8,8.2,19.5,Deep Black Clay (Vertisol),1078.8,42.5,0.9367,Extreme Hotspot,8
BPL_CELL_0229,5,28,23.2355,77.4185,MP Nagar Commercial Zone,44.19,0.088,81.7,12.7,17.7,Deep Black Clay (Vertisol),1073.2,42.5,0.8382,Extreme Hotspot,426
BPL_CELL_0230,5,29,23.2355,77.4195,MP Nagar Commercial Zone,46.37,0.038,81.0,12.4,17.8,Deep Black Clay (Vertisol),1071.7,42.5,0.8985,Extreme Hotspot,75
BPL_CELL_0231,5,30,23.2355,77.4205,MP Nagar Commercial Zone,47.76,0.036,77.4,5.2,18.2,Deep Black Clay (Vertisol),1119.8,42.5,0.9301,Extreme Hotspot,11
BPL_CELL_0232,5,31,23.2355,77.4215,MP Nagar Commercial Zone,46.76,0.055,79.2,8.6,17.0,Deep Black Clay (Vertisol),1070.3,42.5,0.9017,Extreme Hotspot,64
BPL_CELL_0233,5,32,23.2355,77.4225,MP Nagar Commercial Zone,46.81,0.071,83.2,6.2,17.7,Deep Black Clay (Vertisol),1076.7,42.5,0.913,Extreme Hotspot,34
BPL_CELL_0234,5,33,23.2355,77.4235,MP Nagar Commercial Zone,45.11,0.054,83.9,11.1,18.0,Deep Black Clay (Vertisol),1117.6,42.5,0.8792,Extreme Hotspot,161
BPL_CELL_0235,5,34,23.2355,77.4245,MP Nagar Commercial Zone,45.78,0.064,84.9,7.2,18.8,Deep Black Clay (Vertisol),1084.5,42.5,0.8989,Extreme Hotspot,73
BPL_CELL_0236,5,35,23.2355,77.4255,MP Nagar Commercial Zone,46.31,0.08,83.9,7.8,17.4,Deep Black Clay (Vertisol),1095.0,42.5,0.8986,Extreme Hotspot,74
BPL_CELL_0237,5,36,23.2355,77.4265,MP Nagar Commercial Zone,46.0,0.049,82.3,9.3,16.9,Deep Black Clay (Vertisol),1129.3,42.5,0.8972,Extreme Hotspot,79
BPL_CELL_0238,5,37,23.2355,77.4275,MP Nagar Commercial Zone,46.03,0.032,79.8,5.3,18.0,Deep Black Clay (Vertisol),1128.9,42.5,0.9054,Extreme Hotspot,57
BPL_CELL_0239,5,38,23.2355,77.4285,MP Nagar Commercial Zone,46.2,0.065,81.8,6.8,17.7,Deep Black Clay (Vertisol),1116.3,42.5,0.8983,Extreme Hotspot,77
BPL_CELL_0240,5,39,23.2355,77.4295,MP Nagar Commercial Zone,44.94,0.057,77.9,13.1,18.1,Deep Black Clay (Vertisol),1118.8,42.5,0.853,Extreme Hotspot,332
BPL_CELL_0241,6,0,23.2365,77.3905,Arera Colony Residential Belt,35.51,0.486,30.7,49.0,7.5,Clay Loam,1073.8,42.5,0.2887,Low Vulnerability,1221
BPL_CELL_0242,6,1,23.2365,77.3915,Arera Colony Residential Belt,33.59,0.445,32.2,47.8,8.7,Clay Loam,1082.0,42.5,0.275,Low Vulnerability,1249
BPL_CELL_0243,6,2,23.2365,77.3925,Arera Colony Residential Belt,36.82,0.458,25.5,47.1,7.9,Clay Loam,1115.2,42.5,0.3136,Low Vulnerability,1133
BPL_CELL_0244,6,3,23.2365,77.3935,Arera Colony Residential Belt,34.62,0.45,39.1,49.2,6.9,Clay Loam,1089.9,42.5,0.3102,Low Vulnerability,1142
BPL_CELL_0245,6,4,23.2365,77.3945,Arera Colony Residential Belt,35.41,0.46,40.4,44.8,9.1,Clay Loam,1128.4,42.5,0.3342,Low Vulnerability,1067
BPL_CELL_0246,6,5,23.2365,77.3955,Arera Colony Residential Belt,34.25,0.405,36.1,51.2,8.1,Clay Loam,1118.1,42.5,0.3082,Low Vulnerability,1154
BPL_CELL_0247,6,6,23.2365,77.3965,Arera Colony Residential Belt,34.75,0.428,30.8,44.7,7.8,Clay Loam,1074.8,42.5,0.3063,Low Vulnerability,1161
BPL_CELL_0248,6,7,23.2365,77.3975,Arera Colony Residential Belt,34.58,0.426,33.5,45.5,8.0,Clay Loam,1111.4,42.5,0.3101,Low Vulnerability,1144
BPL_CELL_0249,6,8,23.2365,77.3985,Arera Colony Residential Belt,34.64,0.447,38.2,46.0,9.1,Clay Loam,1128.8,42.5,0.3157,Low Vulnerability,1128
BPL_CELL_0250,6,9,23.2365,77.3995,Arera Colony Residential Belt,34.79,0.451,35.6,46.1,7.9,Clay Loam,1118.1,42.5,0.3092,Low Vulnerability,1150
BPL_CELL_0251,6,10,23.2365,77.4005,Arera Colony Residential Belt,33.85,0.373,39.0,51.2,8.5,Clay Loam,1074.0,42.5,0.3218,Low Vulnerability,1105
BPL_CELL_0252,6,11,23.2365,77.4015,Arera Colony Residential Belt,34.57,0.445,32.7,45.1,9.2,Clay Loam,1106.3,42.5,0.3008,Low Vulnerability,1185
BPL_CELL_0253,6,12,23.2365,77.4025,Arera Colony Residential Belt,33.85,0.374,31.9,51.7,7.6,Clay Loam,1093.9,42.5,0.2995,Low Vulnerability,1188
BPL_CELL_0254,6,13,23.2365,77.4035,Arera Colony Residential Belt,34.3,0.427,33.9,51.7,9.4,Clay Loam,1099.9,42.5,0.2929,Low Vulnerability,1207
BPL_CELL_0255,6,14,23.2365,77.4045,Arera Colony Residential Belt,33.92,0.465,35.8,50.3,6.0,Clay Loam,1087.1,42.5,0.2789,Low Vulnerability,1242
BPL_CELL_0256,6,15,23.2365,77.4055,Arera Colony Residential Belt,35.8,0.47,34.0,52.2,9.6,Clay Loam,1097.1,42.5,0.3038,Low Vulnerability,1173
BPL_CELL_0257,6,16,23.2365,77.4065,Arera Colony Residential Belt,35.59,0.421,40.5,50.4,8.9,Clay Loam,1090.8,42.5,0.3421,Low Vulnerability,1052
BPL_CELL_0258,6,17,23.2365,77.4075,Arera Colony Residential Belt,34.15,0.474,37.7,52.5,7.5,Clay Loam,1112.7,42.5,0.2808,Low Vulnerability,1238
BPL_CELL_0259,6,18,23.2365,77.4085,Arera Colony Residential Belt,35.95,0.421,37.1,44.6,8.9,Clay Loam,1078.3,42.5,0.3509,Moderate Vulnerability,1044
BPL_CELL_0260,6,19,23.2365,77.4095,Arera Colony Residential Belt,35.22,0.442,35.2,45.3,8.2,Clay Loam,1118.2,42.5,0.3215,Low Vulnerability,1106
BPL_CELL_0261,6,20,23.2365,77.4105,Arera Colony Residential Belt,33.63,0.427,38.6,49.3,9.8,Clay Loam,1101.5,42.5,0.2987,Low Vulnerability,1191
BPL_CELL_0262,6,21,23.2365,77.4115,Arera Colony Residential Belt,34.8,0.447,29.5,55.2,9.5,Clay Loam,1108.5,42.5,0.2744,Low Vulnerability,1251
BPL_CELL_0263,6,22,23.2365,77.4125,Arera Colony Residential Belt,33.51,0.454,32.0,53.1,8.7,Clay Loam,1080.9,42.5,0.2585,Low Vulnerability,1260
BPL_CELL_0264,6,23,23.2365,77.4135,Arera Colony Residential Belt,33.54,0.471,35.2,48.9,8.4,Clay Loam,1077.4,42.5,0.2703,Low Vulnerability,1256
BPL_CELL_0265,6,24,23.2365,77.4145,MP Nagar Commercial Zone,46.51,0.075,78.6,13.7,16.7,Deep Black Clay (Vertisol),1123.7,42.5,0.8767,Extreme Hotspot,174
BPL_CELL_0266,6,25,23.2365,77.4155,MP Nagar Commercial Zone,47.96,0.073,78.8,7.0,17.0,Deep Black Clay (Vertisol),1077.5,42.5,0.9197,Extreme Hotspot,22
BPL_CELL_0267,6,26,23.2365,77.4165,MP Nagar Commercial Zone,45.84,0.095,78.9,9.5,18.2,Deep Black Clay (Vertisol),1109.5,42.5,0.8654,Extreme Hotspot,248
BPL_CELL_0268,6,27,23.2365,77.4175,MP Nagar Commercial Zone,46.01,0.052,76.3,11.6,16.9,Deep Black Clay (Vertisol),1119.5,42.5,0.8738,Extreme Hotspot,196
BPL_CELL_0269,6,28,23.2365,77.4185,MP Nagar Commercial Zone,46.47,0.062,78.1,6.4,17.0,Deep Black Clay (Vertisol),1095.0,42.5,0.8946,Extreme Hotspot,91
BPL_CELL_0270,6,29,23.2365,77.4195,MP Nagar Commercial Zone,44.95,0.037,77.9,7.8,17.3,Deep Black Clay (Vertisol),1127.4,42.5,0.872,Extreme Hotspot,207
BPL_CELL_0271,6,30,23.2365,77.4205,MP Nagar Commercial Zone,44.58,0.066,79.8,7.2,18.1,Deep Black Clay (Vertisol),1096.4,42.5,0.8601,Extreme Hotspot,289
BPL_CELL_0272,6,31,23.2365,77.4215,MP Nagar Commercial Zone,46.34,0.04,81.2,7.5,17.4,Deep Black Clay (Vertisol),1113.1,42.5,0.9078,Extreme Hotspot,46
BPL_CELL_0273,6,32,23.2365,77.4225,MP Nagar Commercial Zone,46.02,0.001,82.8,9.3,17.1,Deep Black Clay (Vertisol),1089.1,42.5,0.9182,Extreme Hotspot,25
BPL_CELL_0274,6,33,23.2365,77.4235,MP Nagar Commercial Zone,47.04,0.037,81.6,9.5,18.2,Deep Black Clay (Vertisol),1087.4,42.5,0.9195,Extreme Hotspot,23
BPL_CELL_0275,6,34,23.2365,77.4245,MP Nagar Commercial Zone,45.27,0.088,81.1,13.9,18.2,Deep Black Clay (Vertisol),1104.7,42.5,0.8547,Extreme Hotspot,318
BPL_CELL_0276,6,35,23.2365,77.4255,MP Nagar Commercial Zone,46.88,0.04,86.5,5.9,17.8,Deep Black Clay (Vertisol),1099.9,42.5,0.937,Extreme Hotspot,7
BPL_CELL_0277,6,36,23.2365,77.4265,MP Nagar Commercial Zone,46.13,0.066,84.9,8.3,18.3,Deep Black Clay (Vertisol),1091.2,42.5,0.9026,Extreme Hotspot,63
BPL_CELL_0278,6,37,23.2365,77.4275,MP Nagar Commercial Zone,46.07,0.093,82.3,12.7,17.0,Deep Black Clay (Vertisol),1098.2,42.5,0.874,Extreme Hotspot,194
BPL_CELL_0279,6,38,23.2365,77.4285,MP Nagar Commercial Zone,44.5,0.047,74.4,12.1,17.6,Deep Black Clay (Vertisol),1092.0,42.5,0.8403,Extreme Hotspot,410
BPL_CELL_0280,6,39,23.2365,77.4295,MP Nagar Commercial Zone,44.69,0.028,83.7,10.8,18.8,Deep Black Clay (Vertisol),1074.4,42.5,0.8815,Extreme Hotspot,151
BPL_CELL_0281,7,0,23.2375,77.3905,Arera Colony Residential Belt,33.27,0.439,34.0,56.9,8.3,Clay Loam,1128.5,42.5,0.258,Low Vulnerability,1261
BPL_CELL_0282,7,1,23.2375,77.3915,Arera Colony Residential Belt,34.39,0.398,39.9,44.2,10.1,Clay Loam,1115.3,42.5,0.3391,Low Vulnerability,1057
BPL_CELL_0283,7,2,23.2375,77.3925,Arera Colony Residential Belt,35.14,0.474,34.9,48.0,9.0,Clay Loam,1098.4,42.5,0.3008,Low Vulnerability,1186
BPL_CELL_0284,7,3,23.2375,77.3935,Arera Colony Residential Belt,35.41,0.401,37.3,45.3,8.4,Clay Loam,1106.8,42.5,0.3476,Low Vulnerability,1048
BPL_CELL_0285,7,4,23.2375,77.3945,Arera Colony Residential Belt,36.24,0.518,35.8,45.5,7.7,Clay Loam,1101.9,42.5,0.3121,Low Vulnerability,1136
BPL_CELL_0286,7,5,23.2375,77.3955,Arera Colony Residential Belt,36.25,0.434,33.1,49.2,7.8,Clay Loam,1110.4,42.5,0.3303,Low Vulnerability,1075
BPL_CELL_0287,7,6,23.2375,77.3965,Arera Colony Residential Belt,35.98,0.435,37.6,43.4,8.4,Clay Loam,1098.5,42.5,0.3498,Low Vulnerability,1045
BPL_CELL_0288,7,7,23.2375,77.3975,Arera Colony Residential Belt,34.61,0.491,34.7,48.6,7.5,Clay Loam,1113.3,42.5,0.282,Low Vulnerability,1233
BPL_CELL_0289,7,8,23.2375,77.3985,Arera Colony Residential Belt,34.32,0.431,32.6,45.0,8.7,Clay Loam,1110.8,42.5,0.3015,Low Vulnerability,1181
BPL_CELL_0290,7,9,23.2375,77.3995,Arera Colony Residential Belt,34.37,0.512,37.7,48.5,8.6,Clay Loam,1088.8,42.5,0.278,Low Vulnerability,1243
BPL_CELL_0291,7,10,23.2375,77.4005,Arera Colony Residential Belt,35.6,0.477,30.9,50.8,9.9,Clay Loam,1114.2,42.5,0.2909,Low Vulnerability,1211
BPL_CELL_0292,7,11,23.2375,77.4015,Arera Colony Residential Belt,33.92,0.455,36.7,48.7,9.2,Clay Loam,1109.7,42.5,0.2888,Low Vulnerability,1220
BPL_CELL_0293,7,12,23.2375,77.4025,Arera Colony Residential Belt,34.03,0.436,39.6,53.9,8.1,Clay Loam,1116.3,42.5,0.2964,Low Vulnerability,1197
BPL_CELL_0294,7,13,23.2375,77.4035,Arera Colony Residential Belt,35.5,0.432,31.1,46.6,7.5,Clay Loam,1081.5,42.5,0.3161,Low Vulnerability,1125
BPL_CELL_0295,7,14,23.2375,77.4045,Arera Colony Residential Belt,34.83,0.478,37.5,56.0,8.3,Clay Loam,1082.4,42.5,0.2845,Low Vulnerability,1229
BPL_CELL_0296,7,15,23.2375,77.4055,Arera Colony Residential Belt,35.51,0.433,33.1,43.9,10.0,Clay Loam,1117.7,42.5,0.3273,Low Vulnerability,1085
BPL_CELL_0297,7,16,23.2375,77.4065,Arera Colony Residential Belt,34.73,0.455,34.5,45.4,10.0,Clay Loam,1127.3,42.5,0.3046,Low Vulnerability,1171
BPL_CELL_0298,7,17,23.2375,77.4075,Arera Colony Residential Belt,34.59,0.448,33.3,46.9,9.7,Clay Loam,1090.8,42.5,0.2981,Low Vulnerability,1192
BPL_CELL_0299,7,18,23.2375,77.4085,Arera Colony Residential Belt,34.15,0.448,33.7,48.3,6.7,Clay Loam,1111.8,42.5,0.288,Low Vulnerability,1222
BPL_CELL_0300,7,19,23.2375,77.4095,Arera Colony Residential Belt,34.3,0.467,39.7,46.1,8.2,Clay Loam,1110.2,42.5,0.3054,Low Vulnerability,1165
BPL_CELL_0301,7,20,23.2375,77.4105,Arera Colony Residential Belt,33.54,0.432,39.4,49.0,8.4,Clay Loam,1116.2,42.5,0.298,Low Vulnerability,1193
BPL_CELL_0302,7,21,23.2375,77.4115,Arera Colony Residential Belt,34.39,0.478,36.1,50.8,8.1,Clay Loam,1126.1,42.5,0.2826,Low Vulnerability,1232
BPL_CELL_0303,7,22,23.2375,77.4125,Arera Colony Residential Belt,35.54,0.416,38.8,55.3,8.0,Clay Loam,1124.5,42.5,0.3281,Low Vulnerability,1082
BPL_CELL_0304,7,23,23.2375,77.4135,Arera Colony Residential Belt,35.97,0.473,38.4,43.3,8.2,Clay Loam,1126.2,42.5,0.337,Low Vulnerability,1065
BPL_CELL_0305,7,24,23.2375,77.4145,MP Nagar Commercial Zone,46.68,0.05,82.6,8.2,20.2,Deep Black Clay (Vertisol),1093.8,42.5,0.913,Extreme Hotspot,35
BPL_CELL_0306,7,25,23.2375,77.4155,MP Nagar Commercial Zone,44.71,-0.01,81.2,13.8,17.4,Deep Black Clay (Vertisol),1122.6,42.5,0.8835,Extreme Hotspot,143
BPL_CELL_0307,7,26,23.2375,77.4165,MP Nagar Commercial Zone,47.36,0.062,88.8,6.2,17.3,Deep Black Clay (Vertisol),1102.6,42.5,0.9436,Extreme Hotspot,2
BPL_CELL_0308,7,27,23.2375,77.4175,MP Nagar Commercial Zone,48.5,-0.011,81.3,11.5,17.1,Deep Black Clay (Vertisol),1081.6,42.5,0.9617,Extreme Hotspot,1
BPL_CELL_0309,7,28,23.2375,77.4185,MP Nagar Commercial Zone,46.61,0.072,78.4,10.1,18.3,Deep Black Clay (Vertisol),1117.4,42.5,0.8866,Extreme Hotspot,123
BPL_CELL_0310,7,29,23.2375,77.4195,MP Nagar Commercial Zone,47.55,0.014,78.6,12.2,19.2,Deep Black Clay (Vertisol),1123.8,42.5,0.9241,Extreme Hotspot,15
BPL_CELL_0311,7,30,23.2375,77.4205,MP Nagar Commercial Zone,46.7,0.028,85.5,9.5,18.0,Deep Black Clay (Vertisol),1089.4,42.5,0.928,Extreme Hotspot,12
BPL_CELL_0312,7,31,23.2375,77.4215,MP Nagar Commercial Zone,46.65,0.06,83.7,10.0,19.1,Deep Black Clay (Vertisol),1127.2,42.5,0.908,Extreme Hotspot,45
BPL_CELL_0313,7,32,23.2375,77.4225,MP Nagar Commercial Zone,45.74,0.106,86.1,8.9,17.7,Deep Black Clay (Vertisol),1077.1,42.5,0.8815,Extreme Hotspot,152
BPL_CELL_0314,7,33,23.2375,77.4235,MP Nagar Commercial Zone,45.9,0.049,84.3,5.0,17.8,Deep Black Clay (Vertisol),1112.2,42.5,0.91,Extreme Hotspot,40
BPL_CELL_0315,7,34,23.2375,77.4245,MP Nagar Commercial Zone,46.03,0.074,83.5,8.2,17.4,Deep Black Clay (Vertisol),1078.0,42.5,0.8936,Extreme Hotspot,97
BPL_CELL_0316,7,35,23.2375,77.4255,MP Nagar Commercial Zone,45.78,0.088,85.8,7.1,17.3,Deep Black Clay (Vertisol),1103.0,42.5,0.8922,Extreme Hotspot,103
BPL_CELL_0317,7,36,23.2375,77.4265,MP Nagar Commercial Zone,45.1,0.067,79.7,7.7,17.8,Deep Black Clay (Vertisol),1122.4,42.5,0.8684,Extreme Hotspot,232
BPL_CELL_0318,7,37,23.2375,77.4275,MP Nagar Commercial Zone,47.71,0.088,82.9,9.2,17.5,Deep Black Clay (Vertisol),1103.9,42.5,0.9164,Extreme Hotspot,29
BPL_CELL_0319,7,38,23.2375,77.4285,MP Nagar Commercial Zone,47.25,0.074,76.4,9.4,18.2,Deep Black Clay (Vertisol),1101.2,42.5,0.8937,Extreme Hotspot,96
BPL_CELL_0320,7,39,23.2375,77.4295,MP Nagar Commercial Zone,46.85,0.075,82.6,8.4,17.6,Deep Black Clay (Vertisol),1100.6,42.5,0.9059,Extreme Hotspot,54
BPL_CELL_0321,8,0,23.2385,77.3905,Arera Colony Residential Belt,35.16,0.409,32.1,47.7,9.3,Clay Loam,1118.4,42.5,0.3194,Low Vulnerability,1112
BPL_CELL_0322,8,1,23.2385,77.3915,Arera Colony Residential Belt,35.16,0.435,32.5,50.0,7.3,Clay Loam,1104.7,42.5,0.3055,Low Vulnerability,1164
BPL_CELL_0323,8,2,23.2385,77.3925,Arera Colony Residential Belt,35.59,0.448,46.3,48.7,8.8,Clay Loam,1126.0,42.5,0.3519,Moderate Vulnerability,1041
BPL_CELL_0324,8,3,23.2385,77.3935,Arera Colony Residential Belt,34.66,0.47,36.7,48.6,7.1,Clay Loam,1128.7,42.5,0.2972,Low Vulnerability,1196
BPL_CELL_0325,8,4,23.2385,77.3945,Arera Colony Residential Belt,34.23,0.415,39.4,47.9,9.7,Clay Loam,1092.5,42.5,0.3203,Low Vulnerability,1108
BPL_CELL_0326,8,5,23.2385,77.3955,Arera Colony Residential Belt,33.37,0.422,31.3,43.8,8.2,Clay Loam,1090.9,42.5,0.2855,Low Vulnerability,1224
BPL_CELL_0327,8,6,23.2385,77.3965,Arera Colony Residential Belt,35.29,0.474,30.4,47.1,8.5,Clay Loam,1071.4,42.5,0.2922,Low Vulnerability,1209
BPL_CELL_0328,8,7,23.2385,77.3975,Arera Colony Residential Belt,34.87,0.427,41.0,44.4,8.2,Clay Loam,1119.4,42.5,0.3396,Low Vulnerability,1055
BPL_CELL_0329,8,8,23.2385,77.3985,Arera Colony Residential Belt,34.81,0.468,34.7,55.0,8.4,Clay Loam,1118.6,42.5,0.2819,Low Vulnerability,1235
BPL_CELL_0330,8,9,23.2385,77.3995,Arera Colony Residential Belt,34.36,0.395,38.9,48.4,8.4,Clay Loam,1082.4,42.5,0.3282,Low Vulnerability,1081
BPL_CELL_0331,8,10,23.2385,77.4005,Arera Colony Residential Belt,34.99,0.445,31.5,45.3,9.8,Clay Loam,1094.1,42.5,0.305,Low Vulnerability,1170
BPL_CELL_0332,8,11,23.2385,77.4015,Arera Colony Residential Belt,35.25,0.442,38.4,48.7,8.3,Clay Loam,1100.2,42.5,0.3245,Low Vulnerability,1092
BPL_CELL_0333,8,12,23.2385,77.4025,Arera Colony Residential Belt,34.4,0.494,35.6,45.4,7.5,Clay Loam,1089.2,42.5,0.286,Low Vulnerability,1223
BPL_CELL_0334,8,13,23.2385,77.4035,Arera Colony Residential Belt,34.02,0.435,37.8,46.9,8.0,Clay Loam,1088.0,42.5,0.3056,Low Vulnerability,1163
BPL_CELL_0335,8,14,23.2385,77.4045,Arera Colony Residential Belt,36.83,0.467,41.6,43.5,7.9,Clay Loam,1099.7,42.5,0.3649,Moderate Vulnerability,1031
BPL_CELL_0336,8,15,23.2385,77.4055,Arera Colony Residential Belt,34.12,0.51,34.6,45.5,7.3,Clay Loam,1089.1,42.5,0.2711,Low Vulnerability,1254
BPL_CELL_0337,8,16,23.2385,77.4065,Arera Colony Residential Belt,34.36,0.449,31.8,51.5,7.0,Clay Loam,1088.0,42.5,0.2795,Low Vulnerability,1240
BPL_CELL_0338,8,17,23.2385,77.4075,Arera Colony Residential Belt,35.09,0.426,29.9,51.3,8.0,Clay Loam,1128.1,42.5,0.2975,Low Vulnerability,1194
BPL_CELL_0339,8,18,23.2385,77.4085,Arera Colony Residential Belt,34.35,0.434,36.1,50.0,7.4,Clay Loam,1120.8,42.5,0.301,Low Vulnerability,1184
BPL_CELL_0340,8,19,23.2385,77.4095,Arera Colony Residential Belt,33.18,0.48,39.1,48.9,9.1,Clay Loam,1110.4,42.5,0.2713,Low Vulnerability,1253
BPL_CELL_0341,8,20,23.2385,77.4105,Arera Colony Residential Belt,33.34,0.403,38.2,52.7,8.3,Clay Loam,1098.8,42.5,0.2946,Low Vulnerability,1200
BPL_CELL_0342,8,21,23.2385,77.4115,Arera Colony Residential Belt,33.66,0.458,33.7,48.5,8.5,Clay Loam,1126.2,42.5,0.2742,Low Vulnerability,1252
BPL_CELL_0343,8,22,23.2385,77.4125,Arera Colony Residential Belt,35.24,0.436,40.0,48.0,8.6,Clay Loam,1082.3,42.5,0.3328,Low Vulnerability,1070
BPL_CELL_0344,8,23,23.2385,77.4135,Arera Colony Residential Belt,36.02,0.473,33.7,48.5,7.7,Clay Loam,1102.0,42.5,0.3135,Low Vulnerability,1134
BPL_CELL_0345,8,24,23.2385,77.4145,MP Nagar Commercial Zone,45.76,0.078,76.9,9.2,19.6,Deep Black Clay (Vertisol),1098.2,42.5,0.8654,Extreme Hotspot,249
BPL_CELL_0346,8,25,23.2385,77.4155,MP Nagar Commercial Zone,47.67,0.096,74.4,7.4,18.4,Deep Black Clay (Vertisol),1103.8,42.5,0.8912,Extreme Hotspot,106
BPL_CELL_0347,8,26,23.2385,77.4165,MP Nagar Commercial Zone,46.29,0.077,80.4,14.6,17.1,Deep Black Clay (Vertisol),1079.1,42.5,0.8752,Extreme Hotspot,185
BPL_CELL_0348,8,27,23.2385,77.4175,MP Nagar Commercial Zone,45.75,0.046,84.0,11.0,17.0,Deep Black Clay (Vertisol),1109.3,42.5,0.8951,Extreme Hotspot,89
BPL_CELL_0349,8,28,23.2385,77.4185,MP Nagar Commercial Zone,45.92,0.039,85.0,5.0,17.2,Deep Black Clay (Vertisol),1080.1,42.5,0.9164,Extreme Hotspot,30
BPL_CELL_0350,8,29,23.2385,77.4195,MP Nagar Commercial Zone,45.39,0.065,79.0,8.9,16.9,Deep Black Clay (Vertisol),1125.0,42.5,0.8702,Extreme Hotspot,217
BPL_CELL_0351,8,30,23.2385,77.4205,MP Nagar Commercial Zone,44.96,0.049,81.9,9.8,18.9,Deep Black Clay (Vertisol),1110.1,42.5,0.8751,Extreme Hotspot,187
BPL_CELL_0352,8,31,23.2385,77.4215,MP Nagar Commercial Zone,44.42,0.063,77.4,10.7,17.3,Deep Black Clay (Vertisol),1112.4,42.5,0.844,Extreme Hotspot,386
BPL_CELL_0353,8,32,23.2385,77.4225,MP Nagar Commercial Zone,47.27,0.062,77.6,12.5,17.2,Deep Black Clay (Vertisol),1099.0,42.5,0.896,Extreme Hotspot,82
BPL_CELL_0354,8,33,23.2385,77.4235,MP Nagar Commercial Zone,45.12,0.057,81.0,9.1,17.8,Deep Black Clay (Vertisol),1101.8,42.5,0.8737,Extreme Hotspot,198
BPL_CELL_0355,8,34,23.2385,77.4245,MP Nagar Commercial Zone,45.82,0.142,87.4,7.6,17.1,Deep Black Clay (Vertisol),1124.6,42.5,0.8752,Extreme Hotspot,186
BPL_CELL_0356,8,35,23.2385,77.4255,MP Nagar Commercial Zone,44.75,0.071,82.0,10.7,18.2,Deep Black Clay (Vertisol),1101.6,42.5,0.8607,Extreme Hotspot,281
BPL_CELL_0357,8,36,23.2385,77.4265,MP Nagar Commercial Zone,46.48,0.038,78.3,11.2,16.9,Deep Black Clay (Vertisol),1129.4,42.5,0.8952,Extreme Hotspot,87
BPL_CELL_0358,8,37,23.2385,77.4275,MP Nagar Commercial Zone,46.85,0.067,86.3,8.7,16.8,Deep Black Clay (Vertisol),1121.5,42.5,0.9193,Extreme Hotspot,24
BPL_CELL_0359,8,38,23.2385,77.4285,MP Nagar Commercial Zone,46.22,0.047,77.8,12.1,17.9,Deep Black Clay (Vertisol),1080.3,42.5,0.8833,Extreme Hotspot,144
BPL_CELL_0360,8,39,23.2385,77.4295,MP Nagar Commercial Zone,46.24,0.028,81.0,10.3,16.8,Deep Black Clay (Vertisol),1121.5,42.5,0.9043,Extreme Hotspot,58
BPL_CELL_0361,9,0,23.2395,77.3905,Arera Colony Residential Belt,35.71,0.461,38.3,48.5,9.6,Clay Loam,1098.5,42.5,0.3259,Low Vulnerability,1090
BPL_CELL_0362,9,1,23.2395,77.3915,Arera Colony Residential Belt,33.41,0.451,36.4,53.7,7.7,Clay Loam,1103.8,42.5,0.2695,Low Vulnerability,1257
BPL_CELL_0363,9,2,23.2395,77.3925,Arera Colony Residential Belt,36.82,0.454,32.5,55.0,7.4,Clay Loam,1112.8,42.5,0.3196,Low Vulnerability,1110
BPL_CELL_0364,9,3,23.2395,77.3935,Arera Colony Residential Belt,34.02,0.43,36.8,49.2,9.0,Clay Loam,1120.1,42.5,0.2999,Low Vulnerability,1187
BPL_CELL_0365,9,4,23.2395,77.3945,Arera Colony Residential Belt,33.33,0.481,33.1,52.4,10.0,Clay Loam,1113.4,42.5,0.2489,Low Vulnerability,1263
BPL_CELL_0366,9,5,23.2395,77.3955,Arera Colony Residential Belt,36.87,0.359,36.0,51.0,8.8,Clay Loam,1120.3,42.5,0.3769,Moderate Vulnerability,1025
BPL_CELL_0367,9,6,23.2395,77.3965,Arera Colony Residential Belt,33.97,0.483,39.4,47.2,8.5,Clay Loam,1086.4,42.5,0.2896,Low Vulnerability,1216
BPL_CELL_0368,9,7,23.2395,77.3975,Arera Colony Residential Belt,34.58,0.475,35.8,43.6,10.0,Clay Loam,1095.9,42.5,0.3013,Low Vulnerability,1183
BPL_CELL_0369,9,8,23.2395,77.3985,Arera Colony Residential Belt,34.23,0.4,40.2,50.1,8.9,Clay Loam,1074.9,42.5,0.3241,Low Vulnerability,1095
BPL_CELL_0370,9,9,23.2395,77.3995,Arera Colony Residential Belt,33.44,0.467,40.6,44.7,7.5,Clay Loam,1089.0,42.5,0.2944,Low Vulnerability,1201
BPL_CELL_0371,9,10,23.2395,77.4005,Arera Colony Residential Belt,34.87,0.442,34.8,50.6,8.4,Clay Loam,1081.2,42.5,0.3027,Low Vulnerability,1177
BPL_CELL_0372,9,11,23.2395,77.4015,Arera Colony Residential Belt,35.28,0.404,37.4,47.4,8.6,Clay Loam,1091.2,42.5,0.3399,Low Vulnerability,1054
BPL_CELL_0373,9,12,23.2395,77.4025,Arera Colony Residential Belt,35.81,0.462,34.4,50.6,8.3,Clay Loam,1075.1,42.5,0.3116,Low Vulnerability,1140
BPL_CELL_0374,9,13,23.2395,77.4035,Arera Colony Residential Belt,35.66,0.493,31.6,51.9,8.4,Clay Loam,1080.2,42.5,0.2855,Low Vulnerability,1225
BPL_CELL_0375,9,14,23.2395,77.4045,Arera Colony Residential Belt,34.44,0.451,34.7,51.3,9.3,Clay Loam,1095.3,42.5,0.2892,Low Vulnerability,1217
BPL_CELL_0376,9,15,23.2395,77.4055,Arera Colony Residential Belt,35.17,0.428,36.1,48.0,9.1,Clay Loam,1107.5,42.5,0.3232,Low Vulnerability,1096
BPL_CELL_0377,9,16,23.2395,77.4065,Arera Colony Residential Belt,34.31,0.429,38.3,49.6,9.2,Clay Loam,1107.2,42.5,0.3095,Low Vulnerability,1149
BPL_CELL_0378,9,17,23.2395,77.4075,Arera Colony Residential Belt,34.54,0.449,33.0,45.2,9.8,Clay Loam,1121.6,42.5,0.2994,Low Vulnerability,1189
BPL_CELL_0379,9,18,23.2395,77.4085,Arera Colony Residential Belt,35.28,0.437,32.4,54.6,8.7,Clay Loam,1127.9,42.5,0.2973,Low Vulnerability,1195
BPL_CELL_0380,9,19,23.2395,77.4095,Arera Colony Residential Belt,35.54,0.464,35.4,46.8,7.6,Clay Loam,1104.6,42.5,0.3163,Low Vulnerability,1124
BPL_CELL_0381,9,20,23.2395,77.4105,Arera Colony Residential Belt,34.84,0.469,37.4,45.3,9.3,Clay Loam,1105.5,42.5,0.3099,Low Vulnerability,1146
BPL_CELL_0382,9,21,23.2395,77.4115,Arera Colony Residential Belt,35.56,0.396,34.5,40.9,7.9,Clay Loam,1097.7,42.5,0.3533,Moderate Vulnerability,1038
BPL_CELL_0383,9,22,23.2395,77.4125,Arera Colony Residential Belt,34.55,0.409,34.6,52.5,9.1,Clay Loam,1094.5,42.5,0.3053,Low Vulnerability,1167
BPL_CELL_0384,9,23,23.2395,77.4135,Arera Colony Residential Belt,33.34,0.398,36.0,48.2,9.7,Clay Loam,1112.9,42.5,0.2993,Low Vulnerability,1190
BPL_CELL_0385,9,24,23.2395,77.4145,MP Nagar Commercial Zone,46.29,0.049,85.0,9.3,17.0,Deep Black Clay (Vertisol),1125.2,42.5,0.9107,Extreme Hotspot,39
BPL_CELL_0386,9,25,23.2395,77.4155,MP Nagar Commercial Zone,46.82,0.047,76.9,10.2,17.1,Deep Black Clay (Vertisol),1123.7,42.5,0.896,Extreme Hotspot,83
BPL_CELL_0387,9,26,23.2395,77.4165,MP Nagar Commercial Zone,44.95,0.05,86.2,8.8,17.4,Deep Black Clay (Vertisol),1108.8,42.5,0.8892,Extreme Hotspot,114
BPL_CELL_0388,9,27,23.2395,77.4175,MP Nagar Commercial Zone,45.5,0.143,83.8,8.2,17.1,Deep Black Clay (Vertisol),1115.2,42.5,0.8568,Extreme Hotspot,310
BPL_CELL_0389,9,28,23.2395,77.4185,MP Nagar Commercial Zone,47.13,0.053,83.7,9.7,16.8,Deep Black Clay (Vertisol),1104.8,42.5,0.9206,Extreme Hotspot,21
BPL_CELL_0390,9,29,23.2395,77.4195,MP Nagar Commercial Zone,46.13,0.031,79.3,5.5,18.7,Deep Black Clay (Vertisol),1105.3,42.5,0.9058,Extreme Hotspot,55
BPL_CELL_0391,9,30,23.2395,77.4205,MP Nagar Commercial Zone,45.37,0.06,82.6,9.7,16.0,Deep Black Clay (Vertisol),1077.0,42.5,0.8808,Extreme Hotspot,154
BPL_CELL_0392,9,31,23.2395,77.4215,MP Nagar Commercial Zone,47.36,0.075,80.3,8.2,18.6,Deep Black Clay (Vertisol),1082.4,42.5,0.9093,Extreme Hotspot,42
BPL_CELL_0393,9,32,23.2395,77.4225,MP Nagar Commercial Zone,45.18,0.064,76.0,11.3,17.5,Deep Black Clay (Vertisol),1118.6,42.5,0.8529,Extreme Hotspot,333
BPL_CELL_0394,9,33,23.2395,77.4235,MP Nagar Commercial Zone,46.89,0.104,85.5,6.8,16.8,Deep Black Clay (Vertisol),1079.9,42.5,0.9069,Extreme Hotspot,48
BPL_CELL_0395,9,34,23.2395,77.4245,MP Nagar Commercial Zone,46.87,0.058,81.9,11.1,15.9,Deep Black Clay (Vertisol),1083.9,42.5,0.9055,Extreme Hotspot,56
BPL_CELL_0396,9,35,23.2395,77.4255,MP Nagar Commercial Zone,45.37,0.044,82.3,7.5,17.1,Deep Black Clay (Vertisol),1071.8,42.5,0.8908,Extreme Hotspot,108
BPL_CELL_0397,9,36,23.2395,77.4265,MP Nagar Commercial Zone,45.75,0.047,78.1,7.9,17.6,Deep Black Clay (Vertisol),1115.1,42.5,0.8837,Extreme Hotspot,142
BPL_CELL_0398,9,37,23.2395,77.4275,MP Nagar Commercial Zone,45.61,0.064,79.8,14.4,18.8,Deep Black Clay (Vertisol),1081.2,42.5,0.866,Extreme Hotspot,246
BPL_CELL_0399,9,38,23.2395,77.4285,MP Nagar Commercial Zone,45.74,0.089,80.5,14.5,16.7,Deep Black Clay (Vertisol),1105.8,42.5,0.8603,Extreme Hotspot,287
BPL_CELL_0400,9,39,23.2395,77.4295,MP Nagar Commercial Zone,45.98,0.029,78.0,6.2,19.1,Deep Black Clay (Vertisol),1107.0,42.5,0.8985,Extreme Hotspot,76
BPL_CELL_0401,10,0,23.2405,77.3905,TT Nagar / New Market Urban Center,41.05,0.177,56.6,29.0,12.8,Clay Loam,1077.1,42.5,0.6353,High Vulnerability,685
BPL_CELL_0402,10,1,23.2405,77.3915,TT Nagar / New Market Urban Center,40.75,0.213,60.1,23.8,11.5,Clay Loam,1095.1,42.5,0.6361,High Vulnerability,680
BPL_CELL_0403,10,2,23.2405,77.3925,TT Nagar / New Market Urban Center,41.07,0.242,60.0,28.9,12.0,Clay Loam,1130.0,42.5,0.62,High Vulnerability,793
BPL_CELL_0404,10,3,23.2405,77.3935,TT Nagar / New Market Urban Center,39.29,0.187,56.6,26.7,12.9,Clay Loam,1097.1,42.5,0.6022,High Vulnerability,919
BPL_CELL_0405,10,4,23.2405,77.3945,TT Nagar / New Market Urban Center,41.3,0.229,59.9,25.1,13.2,Clay Loam,1100.3,42.5,0.637,High Vulnerability,676
BPL_CELL_0406,10,5,23.2405,77.3955,TT Nagar / New Market Urban Center,38.37,0.174,58.2,20.0,13.2,Clay Loam,1099.3,42.5,0.6082,High Vulnerability,877
BPL_CELL_0407,10,6,23.2405,77.3965,TT Nagar / New Market Urban Center,40.7,0.224,58.2,22.5,12.2,Clay Loam,1080.1,42.5,0.6278,High Vulnerability,746
BPL_CELL_0408,10,7,23.2405,77.3975,TT Nagar / New Market Urban Center,41.6,0.172,59.5,25.4,11.4,Clay Loam,1076.8,42.5,0.6637,High Vulnerability,578
BPL_CELL_0409,10,8,23.2405,77.3985,TT Nagar / New Market Urban Center,41.67,0.254,59.5,22.4,12.5,Clay Loam,1113.1,42.5,0.6385,High Vulnerability,661
BPL_CELL_0410,10,9,23.2405,77.3995,TT Nagar / New Market Urban Center,40.26,0.133,55.0,29.5,13.3,Clay Loam,1115.1,42.5,0.6319,High Vulnerability,710
BPL_CELL_0411,10,10,23.2405,77.4005,TT Nagar / New Market Urban Center,39.49,0.329,54.9,25.9,12.8,Clay Loam,1129.6,42.5,0.5461,Moderate Vulnerability,1023
BPL_CELL_0412,10,11,23.2405,77.4015,TT Nagar / New Market Urban Center,39.62,0.224,55.5,26.5,11.4,Clay Loam,1091.0,42.5,0.591,High Vulnerability,977
BPL_CELL_0413,10,12,23.2405,77.4025,TT Nagar / New Market Urban Center,40.19,0.179,59.0,26.4,12.5,Clay Loam,1073.6,42.5,0.6304,High Vulnerability,725
BPL_CELL_0414,10,13,23.2405,77.4035,TT Nagar / New Market Urban Center,41.09,0.206,60.3,22.4,12.2,Clay Loam,1112.2,42.5,0.6489,High Vulnerability,606
BPL_CELL_0415,10,14,23.2405,77.4045,TT Nagar / New Market Urban Center,40.33,0.243,64.4,18.2,12.2,Clay Loam,1127.8,42.5,0.6402,High Vulnerability,648
BPL_CELL_0416,10,15,23.2405,77.4055,TT Nagar / New Market Urban Center,40.14,0.235,50.4,31.0,12.3,Clay Loam,1077.6,42.5,0.5724,High Vulnerability,1015
BPL_CELL_0417,10,16,23.2405,77.4065,TT Nagar / New Market Urban Center,40.95,0.203,56.4,19.5,12.5,Clay Loam,1099.4,42.5,0.6419,High Vulnerability,637
BPL_CELL_0418,10,17,23.2405,77.4075,TT Nagar / New Market Urban Center,39.15,0.199,56.7,22.2,12.9,Clay Loam,1108.0,42.5,0.6043,High Vulnerability,904
BPL_CELL_0419,10,18,23.2405,77.4085,TT Nagar / New Market Urban Center,40.79,0.211,55.2,24.8,13.1,Clay Loam,1127.0,42.5,0.6212,High Vulnerability,783
BPL_CELL_0420,10,19,23.2405,77.4095,TT Nagar / New Market Urban Center,40.16,0.219,58.2,25.7,11.1,Clay Loam,1113.9,42.5,0.6129,High Vulnerability,845
BPL_CELL_0421,10,20,23.2405,77.4105,TT Nagar / New Market Urban Center,39.22,0.231,57.2,25.8,11.9,Clay Loam,1095.8,42.5,0.587,High Vulnerability,992
BPL_CELL_0422,10,21,23.2405,77.4115,TT Nagar / New Market Urban Center,40.36,0.226,60.7,26.3,11.8,Clay Loam,1104.7,42.5,0.6201,High Vulnerability,792
BPL_CELL_0423,10,22,23.2405,77.4125,TT Nagar / New Market Urban Center,39.55,0.206,55.1,28.8,12.7,Clay Loam,1117.0,42.5,0.5909,High Vulnerability,978
BPL_CELL_0424,10,23,23.2405,77.4135,TT Nagar / New Market Urban Center,40.62,0.205,58.5,27.0,11.7,Clay Loam,1070.0,42.5,0.6256,High Vulnerability,758
BPL_CELL_0425,10,24,23.2405,77.4145,MP Nagar Commercial Zone,46.78,0.055,80.3,8.0,17.5,Deep Black Clay (Vertisol),1126.0,42.5,0.9066,Extreme Hotspot,50
BPL_CELL_0426,10,25,23.2405,77.4155,MP Nagar Commercial Zone,45.77,0.053,86.0,9.0,18.6,Deep Black Clay (Vertisol),1124.2,42.5,0.9027,Extreme Hotspot,62
BPL_CELL_0427,10,26,23.2405,77.4165,MP Nagar Commercial Zone,46.66,0.086,79.1,13.9,17.9,Deep Black Clay (Vertisol),1112.2,42.5,0.8763,Extreme Hotspot,178
BPL_CELL_0428,10,27,23.2405,77.4175,MP Nagar Commercial Zone,47.51,0.094,81.0,10.9,18.2,Deep Black Clay (Vertisol),1110.8,42.5,0.9011,Extreme Hotspot,66
BPL_CELL_0429,10,28,23.2405,77.4185,MP Nagar Commercial Zone,47.59,0.063,85.3,5.0,17.4,Deep Black Clay (Vertisol),1074.2,42.5,0.9398,Extreme Hotspot,6
BPL_CELL_0430,10,29,23.2405,77.4195,MP Nagar Commercial Zone,46.42,0.024,84.8,10.2,18.2,Deep Black Clay (Vertisol),1122.9,42.5,0.9207,Extreme Hotspot,19
BPL_CELL_0431,10,30,23.2405,77.4205,MP Nagar Commercial Zone,47.21,0.099,81.0,7.9,18.2,Deep Black Clay (Vertisol),1101.8,42.5,0.8995,Extreme Hotspot,70
BPL_CELL_0432,10,31,23.2405,77.4215,MP Nagar Commercial Zone,46.18,0.103,81.3,5.0,18.3,Deep Black Clay (Vertisol),1107.7,42.5,0.885,Extreme Hotspot,128
BPL_CELL_0433,10,32,23.2405,77.4225,MP Nagar Commercial Zone,46.74,0.085,78.3,5.0,18.1,Deep Black Clay (Vertisol),1115.1,42.5,0.8941,Extreme Hotspot,94
BPL_CELL_0434,10,33,23.2405,77.4235,MP Nagar Commercial Zone,46.41,0.035,79.2,12.0,17.6,Deep Black Clay (Vertisol),1078.4,42.5,0.896,Extreme Hotspot,84
BPL_CELL_0435,10,34,23.2405,77.4245,MP Nagar Commercial Zone,46.14,0.072,76.5,8.2,16.7,Deep Black Clay (Vertisol),1111.4,42.5,0.8759,Extreme Hotspot,180
BPL_CELL_0436,10,35,23.2405,77.4255,MP Nagar Commercial Zone,45.22,0.085,76.8,8.3,18.7,Deep Black Clay (Vertisol),1100.6,42.5,0.8538,Extreme Hotspot,325
BPL_CELL_0437,10,36,23.2405,77.4265,MP Nagar Commercial Zone,46.19,0.035,88.0,7.0,18.7,Deep Black Clay (Vertisol),1076.8,42.5,0.9279,Extreme Hotspot,13
BPL_CELL_0438,10,37,23.2405,77.4275,MP Nagar Commercial Zone,45.9,0.02,81.0,5.0,17.4,Deep Black Clay (Vertisol),1129.2,42.5,0.9118,Extreme Hotspot,37
BPL_CELL_0439,10,38,23.2405,77.4285,MP Nagar Commercial Zone,46.64,0.054,83.9,6.5,17.0,Deep Black Clay (Vertisol),1115.8,42.5,0.9179,Extreme Hotspot,26
BPL_CELL_0440,10,39,23.2405,77.4295,MP Nagar Commercial Zone,47.22,0.109,79.3,10.6,17.8,Deep Black Clay (Vertisol),1085.7,42.5,0.8852,Extreme Hotspot,127
BPL_CELL_0441,11,0,23.2415,77.3905,TT Nagar / New Market Urban Center,40.81,0.223,59.0,21.5,11.7,Clay Loam,1094.9,42.5,0.6347,High Vulnerability,690
BPL_CELL_0442,11,1,23.2415,77.3915,TT Nagar / New Market Urban Center,39.73,0.216,56.6,21.0,12.1,Clay Loam,1086.6,42.5,0.6108,High Vulnerability,857
BPL_CELL_0443,11,2,23.2415,77.3925,TT Nagar / New Market Urban Center,40.1,0.253,59.8,30.2,11.6,Clay Loam,1108.1,42.5,0.5937,High Vulnerability,963
BPL_CELL_0444,11,3,23.2415,77.3935,TT Nagar / New Market Urban Center,40.3,0.243,53.4,29.3,12.9,Clay Loam,1113.8,42.5,0.5846,High Vulnerability,1000
BPL_CELL_0445,11,4,23.2415,77.3945,TT Nagar / New Market Urban Center,40.68,0.211,61.2,26.7,11.4,Clay Loam,1088.6,42.5,0.6329,High Vulnerability,701
BPL_CELL_0446,11,5,23.2415,77.3955,TT Nagar / New Market Urban Center,40.86,0.217,52.3,28.4,13.3,Clay Loam,1112.1,42.5,0.6043,High Vulnerability,905
BPL_CELL_0447,11,6,23.2415,77.3965,TT Nagar / New Market Urban Center,41.65,0.284,51.9,24.2,12.3,Clay Loam,1077.6,42.5,0.6001,High Vulnerability,925
BPL_CELL_0448,11,7,23.2415,77.3975,TT Nagar / New Market Urban Center,39.97,0.225,55.3,28.9,11.5,Clay Loam,1071.8,42.5,0.5918,High Vulnerability,972
BPL_CELL_0449,11,8,23.2415,77.3985,TT Nagar / New Market Urban Center,40.75,0.198,63.1,26.8,12.1,Clay Loam,1097.3,42.5,0.6448,High Vulnerability,622
BPL_CELL_0450,11,9,23.2415,77.3995,TT Nagar / New Market Urban Center,40.33,0.197,61.2,22.4,12.1,Clay Loam,1085.3,42.5,0.6405,High Vulnerability,646
BPL_CELL_0451,11,10,23.2415,77.4005,TT Nagar / New Market Urban Center,41.44,0.244,57.6,22.9,12.2,Clay Loam,1121.8,42.5,0.6315,High Vulnerability,713
BPL_CELL_0452,11,11,23.2415,77.4015,TT Nagar / New Market Urban Center,40.49,0.221,62.0,23.7,12.7,Clay Loam,1125.9,42.5,0.6337,High Vulnerability,694
BPL_CELL_0453,11,12,23.2415,77.4025,TT Nagar / New Market Urban Center,41.21,0.19,62.9,22.5,11.8,Clay Loam,1095.0,42.5,0.665,High Vulnerability,575
BPL_CELL_0454,11,13,23.2415,77.4035,TT Nagar / New Market Urban Center,40.88,0.216,55.3,27.6,12.8,Clay Loam,1100.1,42.5,0.6155,High Vulnerability,823
BPL_CELL_0455,11,14,23.2415,77.4045,TT Nagar / New Market Urban Center,40.96,0.209,61.3,17.0,12.7,Clay Loam,1097.9,42.5,0.6592,High Vulnerability,584
BPL_CELL_0456,11,15,23.2415,77.4055,TT Nagar / New Market Urban Center,40.4,0.208,64.6,23.2,13.3,Clay Loam,1070.5,42.5,0.6459,High Vulnerability,616
BPL_CELL_0457,11,16,23.2415,77.4065,TT Nagar / New Market Urban Center,40.85,0.257,56.4,29.0,11.4,Clay Loam,1099.6,42.5,0.599,High Vulnerability,934
BPL_CELL_0458,11,17,23.2415,77.4075,TT Nagar / New Market Urban Center,40.77,0.223,55.7,29.1,11.6,Clay Loam,1084.7,42.5,0.6087,High Vulnerability,872
BPL_CELL_0459,11,18,23.2415,77.4085,TT Nagar / New Market Urban Center,41.42,0.221,58.3,27.8,13.3,Clay Loam,1127.1,42.5,0.6323,High Vulnerability,705
BPL_CELL_0460,11,19,23.2415,77.4095,TT Nagar / New Market Urban Center,38.94,0.264,58.0,27.8,11.4,Clay Loam,1076.2,42.5,0.5667,High Vulnerability,1019
BPL_CELL_0461,11,20,23.2415,77.4105,TT Nagar / New Market Urban Center,39.85,0.216,56.8,25.1,13.7,Clay Loam,1075.6,42.5,0.6053,High Vulnerability,895
BPL_CELL_0462,11,21,23.2415,77.4115,TT Nagar / New Market Urban Center,40.47,0.276,54.5,20.4,12.2,Clay Loam,1092.3,42.5,0.5961,High Vulnerability,949
BPL_CELL_0463,11,22,23.2415,77.4125,TT Nagar / New Market Urban Center,40.87,0.218,59.5,25.9,12.5,Clay Loam,1104.1,42.5,0.6304,High Vulnerability,726
BPL_CELL_0464,11,23,23.2415,77.4135,TT Nagar / New Market Urban Center,40.18,0.149,61.6,25.2,13.0,Clay Loam,1088.9,42.5,0.6522,High Vulnerability,600
BPL_CELL_0465,11,24,23.2415,77.4145,MP Nagar Commercial Zone,46.64,0.016,80.7,6.9,17.8,Deep Black Clay (Vertisol),1082.2,42.5,0.9229,Extreme Hotspot,17
BPL_CELL_0466,11,25,23.2415,77.4155,MP Nagar Commercial Zone,46.55,0.067,76.4,10.5,18.2,Deep Black Clay (Vertisol),1098.0,42.5,0.8808,Extreme Hotspot,155
BPL_CELL_0467,11,26,23.2415,77.4165,MP Nagar Commercial Zone,45.27,0.081,83.3,9.0,17.6,Deep Black Clay (Vertisol),1077.2,42.5,0.874,Extreme Hotspot,195
BPL_CELL_0468,11,27,23.2415,77.4175,MP Nagar Commercial Zone,46.86,0.085,85.5,9.5,16.7,Deep Black Clay (Vertisol),1072.4,42.5,0.9084,Extreme Hotspot,44
BPL_CELL_0469,11,28,23.2415,77.4185,MP Nagar Commercial Zone,46.61,0.037,83.2,10.7,17.2,Deep Black Clay (Vertisol),1110.6,42.5,0.9135,Extreme Hotspot,33
BPL_CELL_0470,11,29,23.2415,77.4195,MP Nagar Commercial Zone,47.05,0.054,89.0,6.0,18.0,Deep Black Clay (Vertisol),1097.1,42.5,0.9418,Extreme Hotspot,4
BPL_CELL_0471,11,30,23.2415,77.4205,MP Nagar Commercial Zone,46.19,0.037,74.9,10.8,17.9,Deep Black Clay (Vertisol),1119.8,42.5,0.8808,Extreme Hotspot,156
BPL_CELL_0472,11,31,23.2415,77.4215,MP Nagar Commercial Zone,46.31,0.076,80.8,10.8,17.1,Deep Black Clay (Vertisol),1107.8,42.5,0.8849,Extreme Hotspot,130
BPL_CELL_0473,11,32,23.2415,77.4225,MP Nagar Commercial Zone,45.47,0.029,80.6,14.4,18.1,Deep Black Clay (Vertisol),1124.1,42.5,0.8796,Extreme Hotspot,159
BPL_CELL_0474,11,33,23.2415,77.4235,MP Nagar Commercial Zone,46.24,0.045,81.6,13.4,17.0,Deep Black Clay (Vertisol),1089.9,42.5,0.893,Extreme Hotspot,102
BPL_CELL_0475,11,34,23.2415,77.4245,MP Nagar Commercial Zone,47.16,0.069,83.3,11.7,18.1,Deep Black Clay (Vertisol),1071.8,42.5,0.9095,Extreme Hotspot,41
BPL_CELL_0476,11,35,23.2415,77.4255,MP Nagar Commercial Zone,45.39,0.052,79.0,9.9,18.3,Deep Black Clay (Vertisol),1086.8,42.5,0.8734,Extreme Hotspot,201
BPL_CELL_0477,11,36,23.2415,77.4265,MP Nagar Commercial Zone,46.38,0.055,79.1,8.0,17.6,Deep Black Clay (Vertisol),1103.0,42.5,0.8954,Extreme Hotspot,86
BPL_CELL_0478,11,37,23.2415,77.4275,MP Nagar Commercial Zone,47.09,0.083,82.1,10.8,18.2,Deep Black Clay (Vertisol),1123.1,42.5,0.9009,Extreme Hotspot,68
BPL_CELL_0479,11,38,23.2415,77.4285,MP Nagar Commercial Zone,44.95,0.053,83.0,5.0,19.2,Deep Black Clay (Vertisol),1091.5,42.5,0.8863,Extreme Hotspot,124
BPL_CELL_0480,11,39,23.2415,77.4295,MP Nagar Commercial Zone,46.1,0.027,79.9,12.5,17.3,Deep Black Clay (Vertisol),1093.3,42.5,0.8943,Extreme Hotspot,92
BPL_CELL_0481,12,0,23.2425,77.3905,TT Nagar / New Market Urban Center,40.84,0.244,59.4,31.3,12.4,Clay Loam,1129.5,42.5,0.6081,High Vulnerability,879
BPL_CELL_0482,12,1,23.2425,77.3915,TT Nagar / New Market Urban Center,40.19,0.17,56.9,33.1,12.4,Clay Loam,1076.0,42.5,0.6141,High Vulnerability,836
BPL_CELL_0483,12,2,23.2425,77.3925,TT Nagar / New Market Urban Center,40.11,0.2,61.2,18.9,14.9,Clay Loam,1083.2,42.5,0.6423,High Vulnerability,633
BPL_CELL_0484,12,3,23.2425,77.3935,TT Nagar / New Market Urban Center,41.54,0.251,52.9,21.5,13.6,Clay Loam,1120.7,42.5,0.6196,High Vulnerability,794
BPL_CELL_0485,12,4,23.2425,77.3945,TT Nagar / New Market Urban Center,41.04,0.256,59.9,20.6,12.6,Clay Loam,1112.0,42.5,0.6305,High Vulnerability,723
BPL_CELL_0486,12,5,23.2425,77.3955,TT Nagar / New Market Urban Center,40.39,0.257,56.5,23.2,12.2,Clay Loam,1129.3,42.5,0.6023,High Vulnerability,917
BPL_CELL_0487,12,6,23.2425,77.3965,TT Nagar / New Market Urban Center,41.27,0.196,56.5,28.2,12.9,Clay Loam,1083.1,42.5,0.6333,High Vulnerability,698
BPL_CELL_0488,12,7,23.2425,77.3975,TT Nagar / New Market Urban Center,40.85,0.219,58.0,26.8,12.1,Clay Loam,1077.8,42.5,0.6233,High Vulnerability,768
BPL_CELL_0489,12,8,23.2425,77.3985,TT Nagar / New Market Urban Center,40.08,0.154,59.7,22.8,13.5,Clay Loam,1125.0,42.5,0.6476,High Vulnerability,611
BPL_CELL_0490,12,9,23.2425,77.3995,TT Nagar / New Market Urban Center,40.66,0.229,51.3,29.9,10.8,Clay Loam,1092.4,42.5,0.5896,High Vulnerability,982
BPL_CELL_0491,12,10,23.2425,77.4005,TT Nagar / New Market Urban Center,41.34,0.209,60.4,26.5,12.7,Clay Loam,1126.9,42.5,0.6444,High Vulnerability,624
BPL_CELL_0492,12,11,23.2425,77.4015,TT Nagar / New Market Urban Center,40.9,0.24,49.4,23.9,12.0,Clay Loam,1128.1,42.5,0.5965,High Vulnerability,947
BPL_CELL_0493,12,12,23.2425,77.4025,TT Nagar / New Market Urban Center,39.78,0.155,58.6,22.9,12.0,Clay Loam,1088.4,42.5,0.6381,High Vulnerability,665
BPL_CELL_0494,12,13,23.2425,77.4035,TT Nagar / New Market Urban Center,40.2,0.214,56.3,24.0,10.5,Clay Loam,1126.9,42.5,0.6136,High Vulnerability,840
BPL_CELL_0495,12,14,23.2425,77.4045,TT Nagar / New Market Urban Center,38.25,0.281,58.9,24.8,11.0,Clay Loam,1128.1,42.5,0.5554,High Vulnerability,1021
BPL_CELL_0496,12,15,23.2425,77.4055,TT Nagar / New Market Urban Center,39.28,0.227,62.4,26.5,12.2,Clay Loam,1114.7,42.5,0.6036,High Vulnerability,913
BPL_CELL_0497,12,16,23.2425,77.4065,TT Nagar / New Market Urban Center,40.69,0.305,61.6,30.4,13.5,Clay Loam,1108.3,42.5,0.5892,High Vulnerability,983
BPL_CELL_0498,12,17,23.2425,77.4075,TT Nagar / New Market Urban Center,41.25,0.245,55.5,24.8,13.0,Clay Loam,1074.1,42.5,0.6174,High Vulnerability,808
BPL_CELL_0499,12,18,23.2425,77.4085,TT Nagar / New Market Urban Center,40.48,0.234,61.5,25.0,12.2,Clay Loam,1123.1,42.5,0.6242,High Vulnerability,765
BPL_CELL_0500,12,19,23.2425,77.4095,TT Nagar / New Market Urban Center,38.14,0.191,58.1,23.7,12.3,Clay Loam,1098.8,42.5,0.5891,High Vulnerability,984
BPL_CELL_0501,12,20,23.2425,77.4105,TT Nagar / New Market Urban Center,41.36,0.187,57.2,23.3,13.8,Clay Loam,1087.7,42.5,0.6507,High Vulnerability,603
BPL_CELL_0502,12,21,23.2425,77.4115,TT Nagar / New Market Urban Center,41.28,0.189,65.8,26.6,12.6,Clay Loam,1092.5,42.5,0.6669,High Vulnerability,568
BPL_CELL_0503,12,22,23.2425,77.4125,TT Nagar / New Market Urban Center,40.37,0.182,59.2,24.2,11.5,Clay Loam,1099.0,42.5,0.6377,High Vulnerability,671
BPL_CELL_0504,12,23,23.2425,77.4135,TT Nagar / New Market Urban Center,39.81,0.29,59.6,28.2,13.8,Clay Loam,1079.4,42.5,0.5769,High Vulnerability,1011
BPL_CELL_0505,12,24,23.2425,77.4145,TT Nagar / New Market Urban Center,40.99,0.232,60.0,29.3,12.2,Clay Loam,1085.9,42.5,0.6216,High Vulnerability,777
BPL_CELL_0506,12,25,23.2425,77.4155,TT Nagar / New Market Urban Center,39.07,0.216,60.5,28.7,12.7,Clay Loam,1120.4,42.5,0.5938,High Vulnerability,962
BPL_CELL_0507,12,26,23.2425,77.4165,TT Nagar / New Market Urban Center,40.98,0.243,55.4,26.1,11.8,Clay Loam,1082.0,42.5,0.61,High Vulnerability,862
BPL_CELL_0508,12,27,23.2425,77.4175,TT Nagar / New Market Urban Center,39.46,0.238,58.3,24.7,12.7,Clay Loam,1120.6,42.5,0.5943,High Vulnerability,959
BPL_CELL_0509,12,28,23.2425,77.4185,TT Nagar / New Market Urban Center,40.18,0.248,52.9,25.3,13.2,Clay Loam,1081.1,42.5,0.587,High Vulnerability,993
BPL_CELL_0510,12,29,23.2425,77.4195,TT Nagar / New Market Urban Center,41.11,0.242,55.8,22.8,12.6,Clay Loam,1097.9,42.5,0.6209,High Vulnerability,785
BPL_CELL_0511,12,30,23.2425,77.4205,TT Nagar / New Market Urban Center,40.61,0.243,63.4,26.9,12.2,Clay Loam,1090.6,42.5,0.6248,High Vulnerability,762
BPL_CELL_0512,12,31,23.2425,77.4215,TT Nagar / New Market Urban Center,40.17,0.143,55.6,21.8,11.9,Clay Loam,1120.4,42.5,0.6437,High Vulnerability,629
BPL_CELL_0513,12,32,23.2425,77.4225,TT Nagar / New Market Urban Center,40.89,0.192,51.1,23.7,10.8,Clay Loam,1098.6,42.5,0.6209,High Vulnerability,786
BPL_CELL_0514,12,33,23.2425,77.4235,TT Nagar / New Market Urban Center,40.79,0.277,61.6,24.2,11.5,Clay Loam,1124.0,42.5,0.615,High Vulnerability,829
BPL_CELL_0515,12,34,23.2425,77.4245,TT Nagar / New Market Urban Center,40.92,0.177,56.7,24.0,12.4,Clay Loam,1129.1,42.5,0.6433,High Vulnerability,630
BPL_CELL_0516,12,35,23.2425,77.4255,TT Nagar / New Market Urban Center,39.95,0.274,56.9,27.2,13.0,Clay Loam,1129.3,42.5,0.5801,High Vulnerability,1007
BPL_CELL_0517,12,36,23.2425,77.4265,TT Nagar / New Market Urban Center,37.66,0.261,53.4,20.9,12.3,Clay Loam,1124.9,42.5,0.5439,Moderate Vulnerability,1024
BPL_CELL_0518,12,37,23.2425,77.4275,TT Nagar / New Market Urban Center,42.48,0.247,59.4,22.9,12.8,Clay Loam,1086.6,42.5,0.6555,High Vulnerability,591
BPL_CELL_0519,12,38,23.2425,77.4285,TT Nagar / New Market Urban Center,38.73,0.236,59.1,20.9,11.6,Clay Loam,1094.9,42.5,0.5912,High Vulnerability,974
BPL_CELL_0520,12,39,23.2425,77.4295,TT Nagar / New Market Urban Center,40.37,0.244,61.7,25.4,10.5,Clay Loam,1125.5,42.5,0.6179,High Vulnerability,807
BPL_CELL_0521,13,0,23.2435,77.3905,TT Nagar / New Market Urban Center,40.12,0.215,57.0,28.6,11.9,Clay Loam,1093.0,42.5,0.6043,High Vulnerability,906
BPL_CELL_0522,13,1,23.2435,77.3915,TT Nagar / New Market Urban Center,41.27,0.179,58.4,27.3,12.5,Clay Loam,1078.6,42.5,0.6475,High Vulnerability,612
BPL_CELL_0523,13,2,23.2435,77.3925,TT Nagar / New Market Urban Center,39.43,0.191,65.1,26.5,12.1,Clay Loam,1114.7,42.5,0.6287,High Vulnerability,740
BPL_CELL_0524,13,3,23.2435,77.3935,TT Nagar / New Market Urban Center,41.08,0.276,54.4,30.5,12.6,Clay Loam,1088.2,42.5,0.5868,High Vulnerability,995
BPL_CELL_0525,13,4,23.2435,77.3945,TT Nagar / New Market Urban Center,40.3,0.254,57.5,23.7,12.7,Clay Loam,1128.5,42.5,0.6037,High Vulnerability,909
BPL_CELL_0526,13,5,23.2435,77.3955,TT Nagar / New Market Urban Center,40.15,0.167,60.3,24.6,13.2,Clay Loam,1108.7,42.5,0.6419,High Vulnerability,638
BPL_CELL_0527,13,6,23.2435,77.3965,TT Nagar / New Market Urban Center,40.74,0.239,60.6,20.6,12.5,Clay Loam,1119.3,42.5,0.6336,High Vulnerability,696
BPL_CELL_0528,13,7,23.2435,77.3975,TT Nagar / New Market Urban Center,38.69,0.202,57.8,23.7,13.3,Clay Loam,1078.1,42.5,0.5944,High Vulnerability,958
BPL_CELL_0529,13,8,23.2435,77.3985,TT Nagar / New Market Urban Center,41.6,0.17,60.3,25.4,13.2,Clay Loam,1085.0,42.5,0.6669,High Vulnerability,569
BPL_CELL_0530,13,9,23.2435,77.3995,TT Nagar / New Market Urban Center,39.01,0.155,60.1,24.3,11.8,Clay Loam,1119.4,42.5,0.6248,High Vulnerability,763
BPL_CELL_0531,13,10,23.2435,77.4005,TT Nagar / New Market Urban Center,39.22,0.219,58.6,25.5,11.7,Clay Loam,1080.7,42.5,0.5965,High Vulnerability,948
BPL_CELL_0532,13,11,23.2435,77.4015,TT Nagar / New Market Urban Center,41.37,0.247,54.6,23.9,12.8,Clay Loam,1123.7,42.5,0.6181,High Vulnerability,806
BPL_CELL_0533,13,12,23.2435,77.4025,TT Nagar / New Market Urban Center,40.49,0.174,57.2,27.9,12.9,Clay Loam,1127.9,42.5,0.6298,High Vulnerability,731
BPL_CELL_0534,13,13,23.2435,77.4035,TT Nagar / New Market Urban Center,41.5,0.247,54.0,24.0,11.8,Clay Loam,1094.6,42.5,0.6186,High Vulnerability,802
BPL_CELL_0535,13,14,23.2435,77.4045,TT Nagar / New Market Urban Center,42.05,0.227,58.1,24.6,13.4,Clay Loam,1106.1,42.5,0.648,High Vulnerability,608
BPL_CELL_0536,13,15,23.2435,77.4055,TT Nagar / New Market Urban Center,39.81,0.243,58.1,25.9,11.8,Clay Loam,1128.0,42.5,0.5959,High Vulnerability,951
BPL_CELL_0537,13,16,23.2435,77.4065,TT Nagar / New Market Urban Center,39.91,0.195,55.7,26.9,12.4,Clay Loam,1110.6,42.5,0.6079,High Vulnerability,880
BPL_CELL_0538,13,17,23.2435,77.4075,TT Nagar / New Market Urban Center,41.51,0.234,54.9,27.9,13.0,Clay Loam,1109.7,42.5,0.6186,High Vulnerability,803
BPL_CELL_0539,13,18,23.2435,77.4085,TT Nagar / New Market Urban Center,40.98,0.196,55.1,21.7,12.3,Clay Loam,1073.8,42.5,0.6369,High Vulnerability,677
BPL_CELL_0540,13,19,23.2435,77.4095,TT Nagar / New Market Urban Center,40.91,0.263,57.6,26.5,11.9,Clay Loam,1112.7,42.5,0.6064,High Vulnerability,892
BPL_CELL_0541,13,20,23.2435,77.4105,TT Nagar / New Market Urban Center,41.09,0.204,61.5,29.1,13.6,Clay Loam,1118.1,42.5,0.6395,High Vulnerability,654
BPL_CELL_0542,13,21,23.2435,77.4115,TT Nagar / New Market Urban Center,39.54,0.184,55.0,23.0,11.2,Clay Loam,1109.3,42.5,0.6111,High Vulnerability,854
BPL_CELL_0543,13,22,23.2435,77.4125,TT Nagar / New Market Urban Center,41.2,0.22,55.0,26.5,13.6,Clay Loam,1104.3,42.5,0.6214,High Vulnerability,782
BPL_CELL_0544,13,23,23.2435,77.4135,TT Nagar / New Market Urban Center,40.81,0.238,63.2,25.6,13.4,Clay Loam,1117.1,42.5,0.6327,High Vulnerability,703
BPL_CELL_0545,13,24,23.2435,77.4145,TT Nagar / New Market Urban Center,41.62,0.195,51.2,24.7,13.3,Clay Loam,1080.9,42.5,0.632,High Vulnerability,708
BPL_CELL_0546,13,25,23.2435,77.4155,TT Nagar / New Market Urban Center,38.95,0.233,59.1,24.7,13.9,Clay Loam,1115.8,42.5,0.5888,High Vulnerability,986
BPL_CELL_0547,13,26,23.2435,77.4165,TT Nagar / New Market Urban Center,41.05,0.261,57.2,26.1,11.6,Clay Loam,1088.4,42.5,0.6095,High Vulnerability,865
BPL_CELL_0548,13,27,23.2435,77.4175,TT Nagar / New Market Urban Center,41.67,0.226,54.9,24.8,13.1,Clay Loam,1121.1,42.5,0.6312,High Vulnerability,717
BPL_CELL_0549,13,28,23.2435,77.4185,TT Nagar / New Market Urban Center,38.73,0.231,50.7,21.4,13.9,Clay Loam,1100.0,42.5,0.5674,High Vulnerability,1017
BPL_CELL_0550,13,29,23.2435,77.4195,TT Nagar / New Market Urban Center,41.32,0.24,55.5,24.7,12.7,Clay Loam,1121.3,42.5,0.6209,High Vulnerability,787
BPL_CELL_0551,13,30,23.2435,77.4205,TT Nagar / New Market Urban Center,40.89,0.235,54.2,27.1,13.1,Clay Loam,1089.0,42.5,0.6059,High Vulnerability,893
BPL_CELL_0552,13,31,23.2435,77.4215,TT Nagar / New Market Urban Center,39.95,0.209,52.1,20.8,12.5,Clay Loam,1080.6,42.5,0.605,High Vulnerability,898
BPL_CELL_0553,13,32,23.2435,77.4225,TT Nagar / New Market Urban Center,40.44,0.218,57.1,30.0,13.1,Clay Loam,1099.4,42.5,0.6067,High Vulnerability,891
BPL_CELL_0554,13,33,23.2435,77.4235,TT Nagar / New Market Urban Center,41.83,0.221,56.5,21.8,11.7,Clay Loam,1094.2,42.5,0.6471,High Vulnerability,615
BPL_CELL_0555,13,34,23.2435,77.4245,TT Nagar / New Market Urban Center,41.36,0.214,60.3,25.5,12.3,Clay Loam,1089.3,42.5,0.6445,High Vulnerability,623
BPL_CELL_0556,13,35,23.2435,77.4255,TT Nagar / New Market Urban Center,40.61,0.23,56.0,23.1,11.4,Clay Loam,1084.9,42.5,0.616,High Vulnerability,818
BPL_CELL_0557,13,36,23.2435,77.4265,TT Nagar / New Market Urban Center,40.21,0.194,60.4,27.1,12.0,Clay Loam,1119.4,42.5,0.6275,High Vulnerability,749
BPL_CELL_0558,13,37,23.2435,77.4275,TT Nagar / New Market Urban Center,40.21,0.213,60.8,24.4,11.3,Clay Loam,1090.3,42.5,0.6266,High Vulnerability,752
BPL_CELL_0559,13,38,23.2435,77.4285,TT Nagar / New Market Urban Center,42.75,0.156,53.9,30.4,12.1,Clay Loam,1126.9,42.5,0.6655,High Vulnerability,573
BPL_CELL_0560,13,39,23.2435,77.4295,TT Nagar / New Market Urban Center,40.95,0.247,56.3,25.7,13.7,Clay Loam,1077.9,42.5,0.6113,High Vulnerability,852
BPL_CELL_0561,14,0,23.2445,77.3905,TT Nagar / New Market Urban Center,40.38,0.18,59.6,27.5,12.3,Clay Loam,1122.6,42.5,0.6331,High Vulnerability,700
BPL_CELL_0562,14,1,23.2445,77.3915,TT Nagar / New Market Urban Center,40.3,0.219,62.3,32.7,13.2,Clay Loam,1109.7,42.5,0.6133,High Vulnerability,842
BPL_CELL_0563,14,2,23.2445,77.3925,TT Nagar / New Market Urban Center,40.4,0.215,56.7,22.1,11.7,Clay Loam,1098.5,42.5,0.6221,High Vulnerability,775
BPL_CELL_0564,14,3,23.2445,77.3935,TT Nagar / New Market Urban Center,41.27,0.246,62.4,23.3,11.9,Clay Loam,1109.7,42.5,0.6407,High Vulnerability,644
BPL_CELL_0565,14,4,23.2445,77.3945,TT Nagar / New Market Urban Center,40.13,0.2,56.5,24.0,12.6,Clay Loam,1113.1,42.5,0.6184,High Vulnerability,804
BPL_CELL_0566,14,5,23.2445,77.3955,TT Nagar / New Market Urban Center,40.13,0.231,59.2,26.6,12.7,Clay Loam,1082.0,42.5,0.6087,High Vulnerability,873
BPL_CELL_0567,14,6,23.2445,77.3965,TT Nagar / New Market Urban Center,40.41,0.256,59.6,29.5,12.3,Clay Loam,1099.8,42.5,0.5993,High Vulnerability,932
BPL_CELL_0568,14,7,23.2445,77.3975,TT Nagar / New Market Urban Center,40.74,0.238,65.9,24.9,12.5,Clay Loam,1110.3,42.5,0.6408,High Vulnerability,643
BPL_CELL_0569,14,8,23.2445,77.3985,TT Nagar / New Market Urban Center,41.92,0.189,57.0,23.5,13.2,Clay Loam,1113.4,42.5,0.6596,High Vulnerability,583
BPL_CELL_0570,14,9,23.2445,77.3995,TT Nagar / New Market Urban Center,41.08,0.239,59.6,26.1,14.8,Clay Loam,1087.8,42.5,0.6259,High Vulnerability,756
BPL_CELL_0571,14,10,23.2445,77.4005,TT Nagar / New Market Urban Center,40.1,0.223,58.5,25.8,12.0,Clay Loam,1088.8,42.5,0.6109,High Vulnerability,856
BPL_CELL_0572,14,11,23.2445,77.4015,TT Nagar / New Market Urban Center,42.07,0.219,56.4,25.0,12.2,Clay Loam,1121.1,42.5,0.6457,High Vulnerability,618
BPL_CELL_0573,14,12,23.2445,77.4025,TT Nagar / New Market Urban Center,40.21,0.204,55.7,27.5,11.2,Clay Loam,1075.6,42.5,0.6088,High Vulnerability,871
BPL_CELL_0574,14,13,23.2445,77.4035,TT Nagar / New Market Urban Center,39.22,0.228,56.0,18.8,13.6,Clay Loam,1086.3,42.5,0.5989,High Vulnerability,936
BPL_CELL_0575,14,14,23.2445,77.4045,TT Nagar / New Market Urban Center,39.18,0.258,59.6,20.9,12.5,Clay Loam,1111.8,42.5,0.5925,High Vulnerability,970
BPL_CELL_0576,14,15,23.2445,77.4055,TT Nagar / New Market Urban Center,40.08,0.287,61.0,26.7,13.1,Clay Loam,1105.4,42.5,0.5905,High Vulnerability,981
BPL_CELL_0577,14,16,23.2445,77.4065,TT Nagar / New Market Urban Center,40.94,0.177,59.4,27.7,12.3,Clay Loam,1111.1,42.5,0.6441,High Vulnerability,627
BPL_CELL_0578,14,17,23.2445,77.4075,TT Nagar / New Market Urban Center,40.67,0.263,50.0,29.6,13.7,Clay Loam,1076.8,42.5,0.5731,High Vulnerability,1014
BPL_CELL_0579,14,18,23.2445,77.4085,TT Nagar / New Market Urban Center,40.27,0.225,57.8,27.6,12.1,Clay Loam,1116.1,42.5,0.6076,High Vulnerability,885
BPL_CELL_0580,14,19,23.2445,77.4095,TT Nagar / New Market Urban Center,39.2,0.186,55.9,29.4,12.2,Clay Loam,1090.3,42.5,0.5933,High Vulnerability,968
BPL_CELL_0581,14,20,23.2445,77.4105,TT Nagar / New Market Urban Center,39.12,0.213,62.3,27.5,12.4,Clay Loam,1110.6,42.5,0.6037,High Vulnerability,910
BPL_CELL_0582,14,21,23.2445,77.4115,TT Nagar / New Market Urban Center,41.33,0.177,62.4,16.7,11.5,Clay Loam,1073.3,42.5,0.6829,High Vulnerability,558
BPL_CELL_0583,14,22,23.2445,77.4125,TT Nagar / New Market Urban Center,40.17,0.206,62.0,20.2,12.6,Clay Loam,1099.5,42.5,0.6407,High Vulnerability,645
BPL_CELL_0584,14,23,23.2445,77.4135,TT Nagar / New Market Urban Center,40.24,0.225,67.3,27.0,12.6,Clay Loam,1108.6,42.5,0.6362,High Vulnerability,678
BPL_CELL_0585,14,24,23.2445,77.4145,TT Nagar / New Market Urban Center,39.96,0.233,51.9,26.4,10.9,Clay Loam,1096.8,42.5,0.5835,High Vulnerability,1003
BPL_CELL_0586,14,25,23.2445,77.4155,TT Nagar / New Market Urban Center,41.07,0.246,60.8,24.2,12.1,Clay Loam,1094.7,42.5,0.6303,High Vulnerability,727
BPL_CELL_0587,14,26,23.2445,77.4165,TT Nagar / New Market Urban Center,40.48,0.22,62.0,27.2,11.9,Clay Loam,1100.5,42.5,0.6268,High Vulnerability,750
BPL_CELL_0588,14,27,23.2445,77.4175,TT Nagar / New Market Urban Center,39.98,0.232,63.0,27.7,12.2,Clay Loam,1073.3,42.5,0.6143,High Vulnerability,833
BPL_CELL_0589,14,28,23.2445,77.4185,TT Nagar / New Market Urban Center,40.67,0.253,53.5,23.5,11.2,Clay Loam,1113.0,42.5,0.5998,High Vulnerability,929
BPL_CELL_0590,14,29,23.2445,77.4195,TT Nagar / New Market Urban Center,40.72,0.258,61.9,25.5,13.1,Clay Loam,1119.8,42.5,0.6194,High Vulnerability,798
BPL_CELL_0591,14,30,23.2445,77.4205,TT Nagar / New Market Urban Center,41.23,0.214,52.6,24.4,12.9,Clay Loam,1078.4,42.5,0.6216,High Vulnerability,778
BPL_CELL_0592,14,31,23.2445,77.4215,TT Nagar / New Market Urban Center,40.65,0.21,52.5,28.2,13.1,Clay Loam,1081.3,42.5,0.604,High Vulnerability,908
BPL_CELL_0593,14,32,23.2445,77.4225,TT Nagar / New Market Urban Center,41.31,0.207,52.1,26.4,12.3,Clay Loam,1094.9,42.5,0.6204,High Vulnerability,791
BPL_CELL_0594,14,33,23.2445,77.4235,TT Nagar / New Market Urban Center,40.08,0.271,55.0,20.6,11.7,Clay Loam,1097.0,42.5,0.5917,High Vulnerability,973
BPL_CELL_0595,14,34,23.2445,77.4245,TT Nagar / New Market Urban Center,39.28,0.157,60.7,27.6,12.2,Clay Loam,1126.1,42.5,0.6242,High Vulnerability,766
BPL_CELL_0596,14,35,23.2445,77.4255,TT Nagar / New Market Urban Center,40.45,0.238,54.6,18.2,12.3,Clay Loam,1080.6,42.5,0.6157,High Vulnerability,821
BPL_CELL_0597,14,36,23.2445,77.4265,TT Nagar / New Market Urban Center,39.22,0.197,60.4,27.1,11.1,Clay Loam,1100.2,42.5,0.6073,High Vulnerability,888
BPL_CELL_0598,14,37,23.2445,77.4275,TT Nagar / New Market Urban Center,39.4,0.157,64.5,29.4,11.7,Clay Loam,1086.4,42.5,0.634,High Vulnerability,692
BPL_CELL_0599,14,38,23.2445,77.4285,TT Nagar / New Market Urban Center,42.83,0.202,56.2,25.5,11.3,Clay Loam,1114.9,42.5,0.6655,High Vulnerability,574
BPL_CELL_0600,14,39,23.2445,77.4295,TT Nagar / New Market Urban Center,41.23,0.206,63.2,28.0,11.4,Clay Loam,1126.1,42.5,0.6486,High Vulnerability,607
BPL_CELL_0601,15,0,23.2455,77.3905,TT Nagar / New Market Urban Center,40.09,0.205,55.9,23.3,11.7,Clay Loam,1128.9,42.5,0.6153,High Vulnerability,826
BPL_CELL_0602,15,1,23.2455,77.3915,TT Nagar / New Market Urban Center,41.61,0.176,50.9,20.4,12.4,Clay Loam,1089.3,42.5,0.6473,High Vulnerability,613
BPL_CELL_0603,15,2,23.2455,77.3925,TT Nagar / New Market Urban Center,41.13,0.239,53.5,25.5,12.0,Clay Loam,1114.9,42.5,0.6101,High Vulnerability,861
BPL_CELL_0604,15,3,23.2455,77.3935,TT Nagar / New Market Urban Center,39.69,0.233,55.6,28.1,11.2,Clay Loam,1101.4,42.5,0.5858,High Vulnerability,997
BPL_CELL_0605,15,4,23.2455,77.3945,TT Nagar / New Market Urban Center,41.0,0.223,56.9,23.2,12.4,Clay Loam,1087.2,42.5,0.6287,High Vulnerability,741
BPL_CELL_0606,15,5,23.2455,77.3955,TT Nagar / New Market Urban Center,39.97,0.22,64.7,24.1,11.8,Clay Loam,1115.2,42.5,0.6313,High Vulnerability,714
BPL_CELL_0607,15,6,23.2455,77.3965,TT Nagar / New Market Urban Center,42.12,0.231,63.6,28.6,12.3,Clay Loam,1114.5,42.5,0.6557,High Vulnerability,590
BPL_CELL_0608,15,7,23.2455,77.3975,TT Nagar / New Market Urban Center,38.7,0.2,57.0,26.1,11.0,Clay Loam,1087.3,42.5,0.5881,High Vulnerability,989
BPL_CELL_0609,15,8,23.2455,77.3985,TT Nagar / New Market Urban Center,39.45,0.161,51.3,29.9,13.1,Clay Loam,1103.1,42.5,0.5935,High Vulnerability,967
BPL_CELL_0610,15,9,23.2455,77.3995,TT Nagar / New Market Urban Center,40.38,0.243,58.2,21.2,11.4,Clay Loam,1122.2,42.5,0.6168,High Vulnerability,810
BPL_CELL_0611,15,10,23.2455,77.4005,TT Nagar / New Market Urban Center,41.45,0.162,56.6,20.8,12.4,Clay Loam,1106.2,42.5,0.6657,High Vulnerability,572
BPL_CELL_0612,15,11,23.2455,77.4015,TT Nagar / New Market Urban Center,39.37,0.233,49.1,24.5,12.9,Clay Loam,1111.0,42.5,0.5679,High Vulnerability,1016
BPL_CELL_0613,15,12,23.2455,77.4025,TT Nagar / New Market Urban Center,40.71,0.237,54.6,24.7,11.5,Clay Loam,1077.8,42.5,0.6078,High Vulnerability,882
BPL_CELL_0614,15,13,23.2455,77.4035,TT Nagar / New Market Urban Center,41.0,0.2,56.6,22.7,13.5,Clay Loam,1079.3,42.5,0.638,High Vulnerability,667
BPL_CELL_0615,15,14,23.2455,77.4045,TT Nagar / New Market Urban Center,40.95,0.242,65.7,27.2,11.5,Clay Loam,1099.4,42.5,0.6379,High Vulnerability,669
BPL_CELL_0616,15,15,23.2455,77.4055,TT Nagar / New Market Urban Center,39.62,0.195,56.5,25.6,11.7,Clay Loam,1083.2,42.5,0.6073,High Vulnerability,889
BPL_CELL_0617,15,16,23.2455,77.4065,TT Nagar / New Market Urban Center,40.64,0.23,54.4,24.9,12.1,Clay Loam,1083.3,42.5,0.6082,High Vulnerability,878
BPL_CELL_0618,15,17,23.2455,77.4075,TT Nagar / New Market Urban Center,40.41,0.226,61.1,23.6,12.8,Clay Loam,1115.2,42.5,0.6278,High Vulnerability,747
BPL_CELL_0619,15,18,23.2455,77.4085,TT Nagar / New Market Urban Center,37.52,0.201,62.4,17.4,13.6,Clay Loam,1096.7,42.5,0.5988,High Vulnerability,937
BPL_CELL_0620,15,19,23.2455,77.4095,TT Nagar / New Market Urban Center,40.57,0.254,55.3,19.5,11.0,Clay Loam,1111.0,42.5,0.611,High Vulnerability,855
BPL_CELL_0621,15,20,23.2455,77.4105,TT Nagar / New Market Urban Center,39.64,0.28,61.3,24.0,11.8,Clay Loam,1124.7,42.5,0.5912,High Vulnerability,975
BPL_CELL_0622,15,21,23.2455,77.4115,TT Nagar / New Market Urban Center,40.32,0.233,54.9,26.1,11.6,Clay Loam,1072.6,42.5,0.5999,High Vulnerability,926
BPL_CELL_0623,15,22,23.2455,77.4125,TT Nagar / New Market Urban Center,40.97,0.208,49.5,24.4,13.4,Clay Loam,1102.3,42.5,0.6099,High Vulnerability,863
BPL_CELL_0624,15,23,23.2455,77.4135,TT Nagar / New Market Urban Center,42.46,0.231,58.1,22.5,11.2,Clay Loam,1121.9,42.5,0.6585,High Vulnerability,587
BPL_CELL_0625,15,24,23.2455,77.4145,TT Nagar / New Market Urban Center,40.13,0.226,52.7,23.9,13.8,Clay Loam,1108.8,42.5,0.5971,High Vulnerability,945
BPL_CELL_0626,15,25,23.2455,77.4155,TT Nagar / New Market Urban Center,40.27,0.266,55.9,26.9,13.1,Clay Loam,1089.9,42.5,0.5871,High Vulnerability,991
BPL_CELL_0627,15,26,23.2455,77.4165,TT Nagar / New Market Urban Center,40.76,0.225,59.2,21.3,11.9,Clay Loam,1085.5,42.5,0.634,High Vulnerability,693
BPL_CELL_0628,15,27,23.2455,77.4175,TT Nagar / New Market Urban Center,40.21,0.188,61.2,24.5,12.5,Clay Loam,1110.4,42.5,0.6375,High Vulnerability,673
BPL_CELL_0629,15,28,23.2455,77.4185,TT Nagar / New Market Urban Center,39.24,0.211,53.7,21.6,11.3,Clay Loam,1074.4,42.5,0.5936,High Vulnerability,966
BPL_CELL_0630,15,29,23.2455,77.4195,TT Nagar / New Market Urban Center,39.78,0.233,57.3,25.6,11.7,Clay Loam,1075.2,42.5,0.5976,High Vulnerability,942
BPL_CELL_0631,15,30,23.2455,77.4205,TT Nagar / New Market Urban Center,40.59,0.188,53.9,27.7,11.4,Clay Loam,1078.2,42.5,0.6168,High Vulnerability,811
BPL_CELL_0632,15,31,23.2455,77.4215,TT Nagar / New Market Urban Center,40.68,0.178,62.0,17.7,11.8,Clay Loam,1078.6,42.5,0.6668,High Vulnerability,570
BPL_CELL_0633,15,32,23.2455,77.4225,TT Nagar / New Market Urban Center,39.62,0.16,59.6,20.3,11.0,Clay Loam,1103.2,42.5,0.6413,High Vulnerability,641
BPL_CELL_0634,15,33,23.2455,77.4235,TT Nagar / New Market Urban Center,42.07,0.206,57.4,29.0,12.4,Clay Loam,1102.2,42.5,0.6456,High Vulnerability,619
BPL_CELL_0635,15,34,23.2455,77.4245,TT Nagar / New Market Urban Center,41.23,0.212,57.9,18.5,11.9,Clay Loam,1108.8,42.5,0.6501,High Vulnerability,604
BPL_CELL_0636,15,35,23.2455,77.4255,TT Nagar / New Market Urban Center,41.27,0.202,57.8,26.0,13.9,Clay Loam,1081.7,42.5,0.6392,High Vulnerability,655
BPL_CELL_0637,15,36,23.2455,77.4265,TT Nagar / New Market Urban Center,41.17,0.269,62.1,20.3,14.7,Clay Loam,1097.7,42.5,0.6349,High Vulnerability,689
BPL_CELL_0638,15,37,23.2455,77.4275,TT Nagar / New Market Urban Center,39.31,0.196,57.1,26.2,12.5,Clay Loam,1113.5,42.5,0.6015,High Vulnerability,920
BPL_CELL_0639,15,38,23.2455,77.4285,TT Nagar / New Market Urban Center,39.7,0.222,61.5,28.2,13.3,Clay Loam,1124.0,42.5,0.6075,High Vulnerability,887
BPL_CELL_0640,15,39,23.2455,77.4295,TT Nagar / New Market Urban Center,41.24,0.206,61.5,23.1,11.9,Clay Loam,1105.1,42.5,0.6539,High Vulnerability,596
BPL_CELL_0641,16,0,23.2465,77.3905,Bhojtal Lakefront / Water Buffer,31.71,0.509,10.5,70.9,4.8,Alluvial,1083.3,42.5,0.1024,Low Vulnerability,1538
BPL_CELL_0642,16,1,23.2465,77.3915,Bhojtal Lakefront / Water Buffer,32.52,0.518,8.3,68.9,3.8,Alluvial,1114.0,42.5,0.1119,Low Vulnerability,1495
BPL_CELL_0643,16,2,23.2465,77.3925,Bhojtal Lakefront / Water Buffer,33.22,0.497,10.1,70.0,3.7,Alluvial,1106.4,42.5,0.1368,Low Vulnerability,1376
BPL_CELL_0644,16,3,23.2465,77.3935,Bhojtal Lakefront / Water Buffer,32.32,0.552,6.2,70.4,5.0,Alluvial,1085.8,42.5,0.0853,Low Vulnerability,1579
BPL_CELL_0645,16,4,23.2465,77.3945,Bhojtal Lakefront / Water Buffer,32.77,0.512,12.6,68.3,4.0,Alluvial,1104.9,42.5,0.133,Low Vulnerability,1393
BPL_CELL_0646,16,5,23.2465,77.3955,Bhojtal Lakefront / Water Buffer,32.49,0.487,14.6,71.2,3.6,Alluvial,1102.6,42.5,0.1375,Low Vulnerability,1370
BPL_CELL_0647,16,6,23.2465,77.3965,Bhojtal Lakefront / Water Buffer,33.52,0.52,12.5,65.2,4.4,Alluvial,1114.0,42.5,0.1502,Low Vulnerability,1307
BPL_CELL_0648,16,7,23.2465,77.3975,Bhojtal Lakefront / Water Buffer,34.03,0.511,15.8,65.0,4.1,Alluvial,1100.1,42.5,0.1737,Low Vulnerability,1273
BPL_CELL_0649,16,8,23.2465,77.3985,Bhojtal Lakefront / Water Buffer,31.59,0.47,13.7,64.1,4.7,Alluvial,1096.8,42.5,0.1389,Low Vulnerability,1362
BPL_CELL_0650,16,9,23.2465,77.3995,Bhojtal Lakefront / Water Buffer,33.43,0.551,19.7,63.8,2.4,Alluvial,1114.2,42.5,0.1602,Low Vulnerability,1287
BPL_CELL_0651,16,10,23.2465,77.4005,Bhojtal Lakefront / Water Buffer,31.66,0.523,12.8,71.4,4.9,Alluvial,1072.6,42.5,0.1016,Low Vulnerability,1540
BPL_CELL_0652,16,11,23.2465,77.4015,Bhojtal Lakefront / Water Buffer,32.83,0.538,19.4,65.8,4.9,Alluvial,1097.3,42.5,0.1489,Low Vulnerability,1314
BPL_CELL_0653,16,12,23.2465,77.4025,Bhojtal Lakefront / Water Buffer,34.92,0.544,9.5,72.2,2.7,Alluvial,1120.1,42.5,0.1444,Low Vulnerability,1335
BPL_CELL_0654,16,13,23.2465,77.4035,Bhojtal Lakefront / Water Buffer,32.27,0.517,16.4,70.0,5.2,Alluvial,1091.9,42.5,0.1291,Low Vulnerability,1415
BPL_CELL_0655,16,14,23.2465,77.4045,TT Nagar / New Market Urban Center,39.52,0.173,54.6,24.7,13.2,Clay Loam,1091.2,42.5,0.6104,High Vulnerability,860
BPL_CELL_0656,16,15,23.2465,77.4055,TT Nagar / New Market Urban Center,39.9,0.243,55.0,20.9,12.5,Clay Loam,1100.1,42.5,0.5988,High Vulnerability,938
BPL_CELL_0657,16,16,23.2465,77.4065,TT Nagar / New Market Urban Center,40.85,0.234,62.4,27.0,12.5,Clay Loam,1091.7,42.5,0.6299,High Vulnerability,730
BPL_CELL_0658,16,17,23.2465,77.4075,TT Nagar / New Market Urban Center,41.06,0.217,56.3,25.7,13.8,Clay Loam,1113.2,42.5,0.6254,High Vulnerability,759
BPL_CELL_0659,16,18,23.2465,77.4085,TT Nagar / New Market Urban Center,39.48,0.224,58.5,26.7,12.5,Clay Loam,1072.6,42.5,0.5967,High Vulnerability,946
BPL_CELL_0660,16,19,23.2465,77.4095,TT Nagar / New Market Urban Center,40.33,0.204,57.1,24.4,12.2,Clay Loam,1104.3,42.5,0.6216,High Vulnerability,779
BPL_CELL_0661,16,20,23.2465,77.4105,TT Nagar / New Market Urban Center,41.15,0.228,61.8,31.8,11.6,Clay Loam,1071.1,42.5,0.6264,High Vulnerability,753
BPL_CELL_0662,16,21,23.2465,77.4115,TT Nagar / New Market Urban Center,39.82,0.212,52.9,24.7,12.7,Clay Loam,1097.0,42.5,0.5956,High Vulnerability,953
BPL_CELL_0663,16,22,23.2465,77.4125,TT Nagar / New Market Urban Center,42.31,0.217,61.2,30.0,11.3,Clay Loam,1119.2,42.5,0.655,High Vulnerability,593
BPL_CELL_0664,16,23,23.2465,77.4135,TT Nagar / New Market Urban Center,39.55,0.238,62.7,24.6,13.7,Clay Loam,1090.6,42.5,0.6091,High Vulnerability,868
BPL_CELL_0665,16,24,23.2465,77.4145,TT Nagar / New Market Urban Center,39.35,0.232,58.4,27.9,12.8,Clay Loam,1121.6,42.5,0.5883,High Vulnerability,987
BPL_CELL_0666,16,25,23.2465,77.4155,TT Nagar / New Market Urban Center,40.88,0.189,57.9,25.8,12.7,Clay Loam,1098.6,42.5,0.6376,High Vulnerability,672
BPL_CELL_0667,16,26,23.2465,77.4165,TT Nagar / New Market Urban Center,40.31,0.214,58.9,21.5,13.1,Clay Loam,1077.8,42.5,0.6284,High Vulnerability,743
BPL_CELL_0668,16,27,23.2465,77.4175,TT Nagar / New Market Urban Center,41.2,0.175,54.0,29.1,11.6,Clay Loam,1109.0,42.5,0.6311,High Vulnerability,719
BPL_CELL_0669,16,28,23.2465,77.4185,TT Nagar / New Market Urban Center,39.64,0.216,62.1,26.0,12.6,Clay Loam,1117.4,42.5,0.615,High Vulnerability,830
BPL_CELL_0670,16,29,23.2465,77.4195,TT Nagar / New Market Urban Center,42.11,0.191,61.2,24.7,11.0,Clay Loam,1111.8,42.5,0.6724,High Vulnerability,563
BPL_CELL_0671,16,30,23.2465,77.4205,TT Nagar / New Market Urban Center,40.89,0.229,55.5,25.3,12.8,Clay Loam,1122.6,42.5,0.6158,High Vulnerability,820
BPL_CELL_0672,16,31,23.2465,77.4215,TT Nagar / New Market Urban Center,39.93,0.204,59.2,23.7,11.0,Clay Loam,1104.7,42.5,0.6215,High Vulnerability,781
BPL_CELL_0673,16,32,23.2465,77.4225,TT Nagar / New Market Urban Center,40.58,0.222,55.0,21.2,12.1,Clay Loam,1079.3,42.5,0.6196,High Vulnerability,795
BPL_CELL_0674,16,33,23.2465,77.4235,TT Nagar / New Market Urban Center,41.28,0.207,55.8,26.9,11.7,Clay Loam,1091.9,42.5,0.6297,High Vulnerability,733
BPL_CELL_0675,16,34,23.2465,77.4245,TT Nagar / New Market Urban Center,40.28,0.265,58.1,21.9,12.6,Clay Loam,1092.2,42.5,0.6044,High Vulnerability,903
BPL_CELL_0676,16,35,23.2465,77.4255,TT Nagar / New Market Urban Center,39.49,0.198,57.1,24.0,13.1,Clay Loam,1112.3,42.5,0.6087,High Vulnerability,874
BPL_CELL_0677,16,36,23.2465,77.4265,TT Nagar / New Market Urban Center,40.34,0.161,54.9,20.8,11.2,Clay Loam,1079.7,42.5,0.6398,High Vulnerability,652
BPL_CELL_0678,16,37,23.2465,77.4275,TT Nagar / New Market Urban Center,40.96,0.227,61.5,23.0,13.3,Clay Loam,1111.8,42.5,0.6403,High Vulnerability,647
BPL_CELL_0679,16,38,23.2465,77.4285,TT Nagar / New Market Urban Center,40.36,0.203,58.4,24.9,12.8,Clay Loam,1125.6,42.5,0.6254,High Vulnerability,760
BPL_CELL_0680,16,39,23.2465,77.4295,TT Nagar / New Market Urban Center,40.77,0.21,58.5,25.2,12.7,Clay Loam,1072.3,42.5,0.6301,High Vulnerability,728
BPL_CELL_0681,17,0,23.2475,77.3905,Bhojtal Lakefront / Water Buffer,30.56,0.578,8.8,65.6,3.9,Alluvial,1126.7,42.5,0.0586,Low Vulnerability,1599
BPL_CELL_0682,17,1,23.2475,77.3915,Bhojtal Lakefront / Water Buffer,31.32,0.538,7.5,66.1,4.4,Alluvial,1109.4,42.5,0.0843,Low Vulnerability,1583
BPL_CELL_0683,17,2,23.2475,77.3925,Bhojtal Lakefront / Water Buffer,32.75,0.497,16.6,68.9,3.6,Alluvial,1080.2,42.5,0.1491,Low Vulnerability,1313
BPL_CELL_0684,17,3,23.2475,77.3935,Bhojtal Lakefront / Water Buffer,32.44,0.542,12.6,69.8,4.2,Alluvial,1129.8,42.5,0.1116,Low Vulnerability,1498
BPL_CELL_0685,17,4,23.2475,77.3945,Bhojtal Lakefront / Water Buffer,32.66,0.492,8.3,70.4,2.9,Alluvial,1074.1,42.5,0.1219,Low Vulnerability,1447
BPL_CELL_0686,17,5,23.2475,77.3955,Bhojtal Lakefront / Water Buffer,32.34,0.541,13.5,71.2,2.6,Alluvial,1090.9,42.5,0.1099,Low Vulnerability,1505
BPL_CELL_0687,17,6,23.2475,77.3965,Bhojtal Lakefront / Water Buffer,33.2,0.514,10.2,66.8,5.1,Alluvial,1085.7,42.5,0.1365,Low Vulnerability,1377
BPL_CELL_0688,17,7,23.2475,77.3975,Bhojtal Lakefront / Water Buffer,32.0,0.508,12.9,70.2,4.5,Alluvial,1126.8,42.5,0.1168,Low Vulnerability,1476
BPL_CELL_0689,17,8,23.2475,77.3985,Bhojtal Lakefront / Water Buffer,33.24,0.449,16.6,64.1,3.1,Alluvial,1128.0,42.5,0.1875,Low Vulnerability,1267
BPL_CELL_0690,17,9,23.2475,77.3995,Bhojtal Lakefront / Water Buffer,31.87,0.473,9.7,68.4,2.2,Alluvial,1097.5,42.5,0.1225,Low Vulnerability,1444
BPL_CELL_0691,17,10,23.2475,77.4005,Bhojtal Lakefront / Water Buffer,31.34,0.53,13.7,68.3,5.2,Alluvial,1129.7,42.5,0.1016,Low Vulnerability,1541
BPL_CELL_0692,17,11,23.2475,77.4015,Bhojtal Lakefront / Water Buffer,33.03,0.51,9.7,65.0,6.0,Alluvial,1101.0,42.5,0.137,Low Vulnerability,1374
BPL_CELL_0693,17,12,23.2475,77.4025,Bhojtal Lakefront / Water Buffer,34.2,0.523,12.0,69.3,3.5,Alluvial,1074.6,42.5,0.1522,Low Vulnerability,1303
BPL_CELL_0694,17,13,23.2475,77.4035,Bhojtal Lakefront / Water Buffer,31.02,0.551,10.3,64.1,5.5,Alluvial,1086.1,42.5,0.0857,Low Vulnerability,1578
BPL_CELL_0695,17,14,23.2475,77.4045,TT Nagar / New Market Urban Center,41.79,0.205,61.5,23.1,12.8,Clay Loam,1122.4,42.5,0.6648,High Vulnerability,576
BPL_CELL_0696,17,15,23.2475,77.4055,TT Nagar / New Market Urban Center,41.89,0.225,60.3,25.0,13.5,Clay Loam,1079.4,42.5,0.6513,High Vulnerability,601
BPL_CELL_0697,17,16,23.2475,77.4065,TT Nagar / New Market Urban Center,42.09,0.262,55.7,21.0,11.4,Clay Loam,1102.5,42.5,0.6351,High Vulnerability,687
BPL_CELL_0698,17,17,23.2475,77.4075,TT Nagar / New Market Urban Center,39.5,0.253,59.1,22.5,11.8,Clay Loam,1129.1,42.5,0.5959,High Vulnerability,952
BPL_CELL_0699,17,18,23.2475,77.4085,TT Nagar / New Market Urban Center,41.95,0.184,47.9,25.5,13.0,Clay Loam,1083.3,42.5,0.6313,High Vulnerability,715
BPL_CELL_0700,17,19,23.2475,77.4095,TT Nagar / New Market Urban Center,40.13,0.211,57.5,26.0,11.5,Clay Loam,1102.4,42.5,0.6129,High Vulnerability,846
BPL_CELL_0701,17,20,23.2475,77.4105,TT Nagar / New Market Urban Center,39.6,0.22,57.2,23.3,13.6,Clay Loam,1097.6,42.5,0.6037,High Vulnerability,911
BPL_CELL_0702,17,21,23.2475,77.4115,TT Nagar / New Market Urban Center,40.3,0.218,57.5,26.0,13.4,Clay Loam,1089.5,42.5,0.6133,High Vulnerability,843
BPL_CELL_0703,17,22,23.2475,77.4125,TT Nagar / New Market Urban Center,39.97,0.205,55.5,24.3,11.3,Clay Loam,1092.0,42.5,0.6098,High Vulnerability,864
BPL_CELL_0704,17,23,23.2475,77.4135,TT Nagar / New Market Urban Center,40.72,0.199,58.0,24.1,11.7,Clay Loam,1121.3,42.5,0.6343,High Vulnerability,691
BPL_CELL_0705,17,24,23.2475,77.4145,TT Nagar / New Market Urban Center,40.4,0.239,61.1,27.9,12.4,Clay Loam,1086.2,42.5,0.6136,High Vulnerability,841
BPL_CELL_0706,17,25,23.2475,77.4155,TT Nagar / New Market Urban Center,40.91,0.223,61.7,23.8,12.7,Clay Loam,1127.5,42.5,0.6399,High Vulnerability,650
BPL_CELL_0707,17,26,23.2475,77.4165,TT Nagar / New Market Urban Center,41.46,0.264,59.8,28.2,14.0,Clay Loam,1101.0,42.5,0.6195,High Vulnerability,797
BPL_CELL_0708,17,27,23.2475,77.4175,TT Nagar / New Market Urban Center,40.45,0.21,52.0,23.8,13.4,Clay Loam,1104.1,42.5,0.6077,High Vulnerability,883
BPL_CELL_0709,17,28,23.2475,77.4185,TT Nagar / New Market Urban Center,39.39,0.247,64.0,27.0,11.3,Clay Loam,1097.0,42.5,0.6014,High Vulnerability,921
BPL_CELL_0710,17,29,23.2475,77.4195,TT Nagar / New Market Urban Center,40.69,0.206,60.9,18.5,11.7,Clay Loam,1085.5,42.5,0.6509,High Vulnerability,602
BPL_CELL_0711,17,30,23.2475,77.4205,TT Nagar / New Market Urban Center,40.95,0.222,64.0,19.3,12.7,Clay Loam,1108.9,42.5,0.657,High Vulnerability,589
BPL_CELL_0712,17,31,23.2475,77.4215,TT Nagar / New Market Urban Center,41.62,0.244,63.4,22.2,13.3,Clay Loam,1099.2,42.5,0.6534,High Vulnerability,597
BPL_CELL_0713,17,32,23.2475,77.4225,TT Nagar / New Market Urban Center,40.34,0.157,55.9,26.7,12.1,Clay Loam,1080.1,42.5,0.6323,High Vulnerability,706
BPL_CELL_0714,17,33,23.2475,77.4235,TT Nagar / New Market Urban Center,40.13,0.23,55.0,22.3,11.6,Clay Loam,1120.9,42.5,0.6055,High Vulnerability,894
BPL_CELL_0715,17,34,23.2475,77.4245,TT Nagar / New Market Urban Center,40.98,0.228,58.4,27.6,12.2,Clay Loam,1108.7,42.5,0.6218,High Vulnerability,776
BPL_CELL_0716,17,35,23.2475,77.4255,TT Nagar / New Market Urban Center,41.19,0.216,61.8,26.9,11.8,Clay Loam,1105.2,42.5,0.642,High Vulnerability,635
BPL_CELL_0717,17,36,23.2475,77.4265,TT Nagar / New Market Urban Center,41.41,0.213,58.3,25.6,12.2,Clay Loam,1126.4,42.5,0.6398,High Vulnerability,653
BPL_CELL_0718,17,37,23.2475,77.4275,TT Nagar / New Market Urban Center,39.19,0.216,56.6,25.7,12.7,Clay Loam,1073.8,42.5,0.5908,High Vulnerability,979
BPL_CELL_0719,17,38,23.2475,77.4285,TT Nagar / New Market Urban Center,41.32,0.194,61.5,25.5,12.4,Clay Loam,1085.7,42.5,0.6553,High Vulnerability,592
BPL_CELL_0720,17,39,23.2475,77.4295,TT Nagar / New Market Urban Center,40.13,0.245,62.2,26.9,11.9,Clay Loam,1084.8,42.5,0.6113,High Vulnerability,853
BPL_CELL_0721,18,0,23.2485,77.3905,Bhojtal Lakefront / Water Buffer,32.23,0.561,16.5,72.2,5.4,Alluvial,1121.6,42.5,0.1066,Low Vulnerability,1519
BPL_CELL_0722,18,1,23.2485,77.3915,Bhojtal Lakefront / Water Buffer,32.74,0.504,15.5,71.7,4.0,Alluvial,1086.3,42.5,0.1372,Low Vulnerability,1371
BPL_CELL_0723,18,2,23.2485,77.3925,Bhojtal Lakefront / Water Buffer,30.26,0.547,11.3,66.2,3.3,Alluvial,1108.2,42.5,0.0714,Low Vulnerability,1594
BPL_CELL_0724,18,3,23.2485,77.3935,Bhojtal Lakefront / Water Buffer,31.77,0.486,10.3,66.3,3.7,Alluvial,1090.8,42.5,0.1215,Low Vulnerability,1451
BPL_CELL_0725,18,4,23.2485,77.3945,Bhojtal Lakefront / Water Buffer,30.92,0.507,8.9,69.0,4.2,Alluvial,1070.0,42.5,0.0872,Low Vulnerability,1577
BPL_CELL_0726,18,5,23.2485,77.3955,Bhojtal Lakefront / Water Buffer,33.26,0.543,5.8,66.1,4.9,Alluvial,1070.5,42.5,0.1145,Low Vulnerability,1486
BPL_CELL_0727,18,6,23.2485,77.3965,Bhojtal Lakefront / Water Buffer,34.42,0.486,11.5,68.1,3.6,Alluvial,1083.9,42.5,0.1722,Low Vulnerability,1274
BPL_CELL_0728,18,7,23.2485,77.3975,Bhojtal Lakefront / Water Buffer,32.82,0.549,12.2,64.7,4.7,Alluvial,1093.7,42.5,0.1254,Low Vulnerability,1432
BPL_CELL_0729,18,8,23.2485,77.3985,Bhojtal Lakefront / Water Buffer,33.26,0.562,9.4,69.9,4.1,Alluvial,1084.4,42.5,0.1098,Low Vulnerability,1506
BPL_CELL_0730,18,9,23.2485,77.3995,Bhojtal Lakefront / Water Buffer,33.44,0.526,4.4,69.6,3.1,Alluvial,1087.1,42.5,0.1135,Low Vulnerability,1490
BPL_CELL_0731,18,10,23.2485,77.4005,Bhojtal Lakefront / Water Buffer,32.43,0.465,6.1,71.1,4.5,Alluvial,1108.2,42.5,0.1204,Low Vulnerability,1457
BPL_CELL_0732,18,11,23.2485,77.4015,Bhojtal Lakefront / Water Buffer,33.18,0.502,10.1,66.6,3.8,Alluvial,1071.2,42.5,0.141,Low Vulnerability,1352
BPL_CELL_0733,18,12,23.2485,77.4025,Bhojtal Lakefront / Water Buffer,33.56,0.531,12.6,69.3,4.0,Alluvial,1113.6,42.5,0.1385,Low Vulnerability,1367
BPL_CELL_0734,18,13,23.2485,77.4035,Bhojtal Lakefront / Water Buffer,33.92,0.522,14.0,65.3,4.2,Alluvial,1088.7,42.5,0.1613,Low Vulnerability,1284
BPL_CELL_0735,18,14,23.2485,77.4045,TT Nagar / New Market Urban Center,41.47,0.119,52.0,26.2,11.7,Clay Loam,1127.1,42.5,0.6587,High Vulnerability,586
BPL_CELL_0736,18,15,23.2485,77.4055,TT Nagar / New Market Urban Center,42.02,0.269,60.1,28.0,12.8,Clay Loam,1081.5,42.5,0.6296,High Vulnerability,735
BPL_CELL_0737,18,16,23.2485,77.4065,TT Nagar / New Market Urban Center,41.4,0.174,58.8,23.7,12.5,Clay Loam,1116.3,42.5,0.6605,High Vulnerability,582
BPL_CELL_0738,18,17,23.2485,77.4075,TT Nagar / New Market Urban Center,39.82,0.174,60.0,28.3,12.6,Clay Loam,1116.3,42.5,0.6243,High Vulnerability,764
BPL_CELL_0739,18,18,23.2485,77.4085,TT Nagar / New Market Urban Center,37.97,0.209,52.8,25.8,12.1,Clay Loam,1107.7,42.5,0.5588,High Vulnerability,1020
BPL_CELL_0740,18,19,23.2485,77.4095,TT Nagar / New Market Urban Center,41.24,0.288,60.2,22.7,12.3,Clay Loam,1108.3,42.5,0.6182,High Vulnerability,805
BPL_CELL_0741,18,20,23.2485,77.4105,TT Nagar / New Market Urban Center,41.1,0.279,59.6,23.4,13.3,Clay Loam,1089.5,42.5,0.6159,High Vulnerability,819
BPL_CELL_0742,18,21,23.2485,77.4115,TT Nagar / New Market Urban Center,41.33,0.232,60.4,28.9,13.4,Clay Loam,1070.5,42.5,0.6301,High Vulnerability,729
BPL_CELL_0743,18,22,23.2485,77.4125,TT Nagar / New Market Urban Center,42.02,0.234,53.3,25.6,12.2,Clay Loam,1079.5,42.5,0.6284,High Vulnerability,744
BPL_CELL_0744,18,23,23.2485,77.4135,TT Nagar / New Market Urban Center,40.78,0.255,60.6,34.3,11.3,Clay Loam,1107.5,42.5,0.5999,High Vulnerability,927
BPL_CELL_0745,18,24,23.2485,77.4145,TT Nagar / New Market Urban Center,41.7,0.236,56.1,19.9,12.8,Clay Loam,1128.9,42.5,0.6414,High Vulnerability,640
BPL_CELL_0746,18,25,23.2485,77.4155,TT Nagar / New Market Urban Center,40.97,0.232,52.3,26.1,11.6,Clay Loam,1081.6,42.5,0.6051,High Vulnerability,897
BPL_CELL_0747,18,26,23.2485,77.4165,TT Nagar / New Market Urban Center,40.18,0.194,63.0,29.8,11.5,Clay Loam,1087.7,42.5,0.629,High Vulnerability,736
BPL_CELL_0748,18,27,23.2485,77.4175,TT Nagar / New Market Urban Center,40.59,0.214,55.9,26.1,13.1,Clay Loam,1113.9,42.5,0.6156,High Vulnerability,822
BPL_CELL_0749,18,28,23.2485,77.4185,TT Nagar / New Market Urban Center,40.23,0.276,61.8,23.0,12.8,Clay Loam,1087.7,42.5,0.6076,High Vulnerability,886
BPL_CELL_0750,18,29,23.2485,77.4195,TT Nagar / New Market Urban Center,40.72,0.218,61.3,29.3,12.4,Clay Loam,1092.7,42.5,0.6258,High Vulnerability,757
BPL_CELL_0751,18,30,23.2485,77.4205,TT Nagar / New Market Urban Center,40.57,0.225,61.8,20.9,12.5,Clay Loam,1109.5,42.5,0.6388,High Vulnerability,659
BPL_CELL_0752,18,31,23.2485,77.4215,TT Nagar / New Market Urban Center,41.93,0.191,57.2,21.5,12.3,Clay Loam,1103.1,42.5,0.6637,High Vulnerability,579
BPL_CELL_0753,18,32,23.2485,77.4225,TT Nagar / New Market Urban Center,39.9,0.203,56.9,23.9,12.1,Clay Loam,1120.1,42.5,0.6142,High Vulnerability,834
BPL_CELL_0754,18,33,23.2485,77.4235,TT Nagar / New Market Urban Center,40.45,0.262,63.2,26.0,13.3,Clay Loam,1075.9,42.5,0.6154,High Vulnerability,825
BPL_CELL_0755,18,34,23.2485,77.4245,TT Nagar / New Market Urban Center,38.96,0.195,55.7,21.9,12.2,Clay Loam,1092.0,42.5,0.5999,High Vulnerability,928
BPL_CELL_0756,18,35,23.2485,77.4255,TT Nagar / New Market Urban Center,39.84,0.211,57.2,26.9,12.2,Clay Loam,1099.5,42.5,0.6046,High Vulnerability,902
BPL_CELL_0757,18,36,23.2485,77.4265,TT Nagar / New Market Urban Center,40.78,0.212,58.4,24.0,10.6,Clay Loam,1095.0,42.5,0.6317,High Vulnerability,712
BPL_CELL_0758,18,37,23.2485,77.4275,TT Nagar / New Market Urban Center,39.74,0.188,62.0,26.1,11.8,Clay Loam,1072.4,42.5,0.6276,High Vulnerability,748
BPL_CELL_0759,18,38,23.2485,77.4285,TT Nagar / New Market Urban Center,41.19,0.231,66.4,22.4,13.5,Clay Loam,1101.9,42.5,0.6588,High Vulnerability,585
BPL_CELL_0760,18,39,23.2485,77.4295,TT Nagar / New Market Urban Center,41.33,0.234,62.0,25.0,13.5,Clay Loam,1080.7,42.5,0.642,High Vulnerability,636
BPL_CELL_0761,19,0,23.2495,77.3905,Bhojtal Lakefront / Water Buffer,32.5,0.489,15.9,70.6,3.6,Alluvial,1109.9,42.5,0.142,Low Vulnerability,1346
BPL_CELL_0762,19,1,23.2495,77.3915,Bhojtal Lakefront / Water Buffer,33.28,0.533,10.6,69.3,4.9,Alluvial,1090.3,42.5,0.1265,Low Vulnerability,1426
BPL_CELL_0763,19,2,23.2495,77.3925,Bhojtal Lakefront / Water Buffer,34.26,0.61,8.9,69.0,3.2,Alluvial,1089.5,42.5,0.1102,Low Vulnerability,1501
BPL_CELL_0764,19,3,23.2495,77.3935,Bhojtal Lakefront / Water Buffer,35.05,0.485,16.3,63.6,4.7,Alluvial,1106.5,42.5,0.208,Low Vulnerability,1265
BPL_CELL_0765,19,4,23.2495,77.3945,Bhojtal Lakefront / Water Buffer,31.92,0.512,12.8,61.2,4.1,Alluvial,1096.8,42.5,0.1318,Low Vulnerability,1400
BPL_CELL_0766,19,5,23.2495,77.3955,Bhojtal Lakefront / Water Buffer,34.8,0.481,15.4,72.0,4.1,Alluvial,1101.1,42.5,0.185,Low Vulnerability,1269
BPL_CELL_0767,19,6,23.2495,77.3965,Bhojtal Lakefront / Water Buffer,33.26,0.519,11.2,70.0,4.3,Alluvial,1119.3,42.5,0.132,Low Vulnerability,1399
BPL_CELL_0768,19,7,23.2495,77.3975,Bhojtal Lakefront / Water Buffer,32.35,0.511,9.4,64.4,3.9,Alluvial,1125.6,42.5,0.1239,Low Vulnerability,1437
BPL_CELL_0769,19,8,23.2495,77.3985,Bhojtal Lakefront / Water Buffer,32.64,0.527,10.8,69.3,3.5,Alluvial,1084.0,42.5,0.1172,Low Vulnerability,1475
BPL_CELL_0770,19,9,23.2495,77.3995,Bhojtal Lakefront / Water Buffer,33.38,0.525,10.6,62.6,5.3,Alluvial,1114.1,42.5,0.1453,Low Vulnerability,1331
BPL_CELL_0771,19,10,23.2495,77.4005,Bhojtal Lakefront / Water Buffer,32.24,0.467,15.0,73.0,3.8,Alluvial,1124.5,42.5,0.1382,Low Vulnerability,1369
BPL_CELL_0772,19,11,23.2495,77.4015,Bhojtal Lakefront / Water Buffer,31.4,0.499,10.3,67.5,3.2,Alluvial,1074.7,42.5,0.1068,Low Vulnerability,1517
BPL_CELL_0773,19,12,23.2495,77.4025,Bhojtal Lakefront / Water Buffer,33.95,0.538,8.3,72.5,2.8,Alluvial,1122.2,42.5,0.124,Low Vulnerability,1436
BPL_CELL_0774,19,13,23.2495,77.4035,Bhojtal Lakefront / Water Buffer,33.41,0.526,17.0,67.6,4.1,Alluvial,1116.6,42.5,0.1541,Low Vulnerability,1298
BPL_CELL_0775,19,14,23.2495,77.4045,TT Nagar / New Market Urban Center,39.93,0.237,62.2,26.0,13.0,Clay Loam,1083.2,42.5,0.6125,High Vulnerability,848
BPL_CELL_0776,19,15,23.2495,77.4055,TT Nagar / New Market Urban Center,41.36,0.266,59.8,22.5,12.9,Clay Loam,1105.7,42.5,0.6285,High Vulnerability,742
BPL_CELL_0777,19,16,23.2495,77.4065,TT Nagar / New Market Urban Center,39.86,0.219,57.1,27.9,12.6,Clay Loam,1104.3,42.5,0.5994,High Vulnerability,931
BPL_CELL_0778,19,17,23.2495,77.4075,TT Nagar / New Market Urban Center,40.78,0.249,59.1,28.0,12.9,Clay Loam,1116.4,42.5,0.6108,High Vulnerability,858
BPL_CELL_0779,19,18,23.2495,77.4085,TT Nagar / New Market Urban Center,40.83,0.232,54.2,23.7,12.1,Clay Loam,1107.0,42.5,0.6129,High Vulnerability,847
BPL_CELL_0780,19,19,23.2495,77.4095,TT Nagar / New Market Urban Center,40.01,0.218,55.4,29.7,13.0,Clay Loam,1089.4,42.5,0.594,High Vulnerability,961
BPL_CELL_0781,19,20,23.2495,77.4105,TT Nagar / New Market Urban Center,40.85,0.214,56.3,22.2,12.0,Clay Loam,1105.6,42.5,0.6297,High Vulnerability,734
BPL_CELL_0782,19,21,23.2495,77.4115,TT Nagar / New Market Urban Center,41.15,0.245,58.5,29.1,12.3,Clay Loam,1129.4,42.5,0.6155,High Vulnerability,824
BPL_CELL_0783,19,22,23.2495,77.4125,TT Nagar / New Market Urban Center,40.03,0.226,64.2,26.5,12.6,Clay Loam,1115.5,42.5,0.6236,High Vulnerability,767
BPL_CELL_0784,19,23,23.2495,77.4135,TT Nagar / New Market Urban Center,41.33,0.229,56.6,31.9,13.1,Clay Loam,1125.6,42.5,0.614,High Vulnerability,837
BPL_CELL_0785,19,24,23.2495,77.4145,TT Nagar / New Market Urban Center,41.63,0.179,63.4,25.4,13.1,Clay Loam,1071.4,42.5,0.673,High Vulnerability,562
BPL_CELL_0786,19,25,23.2495,77.4155,TT Nagar / New Market Urban Center,41.13,0.229,62.2,26.0,13.3,Clay Loam,1085.5,42.5,0.6387,High Vulnerability,660
BPL_CELL_0787,19,26,23.2495,77.4165,TT Nagar / New Market Urban Center,39.05,0.225,61.4,28.6,13.5,Clay Loam,1109.8,42.5,0.5927,High Vulnerability,969
BPL_CELL_0788,19,27,23.2495,77.4175,TT Nagar / New Market Urban Center,40.64,0.238,58.6,23.9,13.8,Clay Loam,1107.1,42.5,0.6194,High Vulnerability,799
BPL_CELL_0789,19,28,23.2495,77.4185,TT Nagar / New Market Urban Center,41.74,0.234,61.5,25.2,12.2,Clay Loam,1109.6,42.5,0.648,High Vulnerability,609
BPL_CELL_0790,19,29,23.2495,77.4195,TT Nagar / New Market Urban Center,42.24,0.224,57.5,27.9,11.5,Clay Loam,1083.9,42.5,0.6443,High Vulnerability,625
BPL_CELL_0791,19,30,23.2495,77.4205,TT Nagar / New Market Urban Center,38.69,0.276,60.5,26.5,13.1,Clay Loam,1081.2,42.5,0.5671,High Vulnerability,1018
BPL_CELL_0792,19,31,23.2495,77.4215,TT Nagar / New Market Urban Center,39.68,0.187,58.0,25.6,12.3,Clay Loam,1084.8,42.5,0.6161,High Vulnerability,817
BPL_CELL_0793,19,32,23.2495,77.4225,TT Nagar / New Market Urban Center,39.7,0.215,56.4,26.1,12.0,Clay Loam,1107.5,42.5,0.5996,High Vulnerability,930
BPL_CELL_0794,19,33,23.2495,77.4235,TT Nagar / New Market Urban Center,41.19,0.227,67.6,19.5,12.4,Clay Loam,1107.5,42.5,0.6698,High Vulnerability,564
BPL_CELL_0795,19,34,23.2495,77.4245,TT Nagar / New Market Urban Center,41.87,0.176,58.3,24.3,11.8,Clay Loam,1079.1,42.5,0.666,High Vulnerability,571
BPL_CELL_0796,19,35,23.2495,77.4255,TT Nagar / New Market Urban Center,40.25,0.255,54.9,27.5,12.8,Clay Loam,1127.6,42.5,0.5869,High Vulnerability,994
BPL_CELL_0797,19,36,23.2495,77.4265,TT Nagar / New Market Urban Center,39.54,0.193,58.4,27.2,13.6,Clay Loam,1124.6,42.5,0.6089,High Vulnerability,870
BPL_CELL_0798,19,37,23.2495,77.4275,TT Nagar / New Market Urban Center,42.46,0.202,61.8,25.4,12.8,Clay Loam,1102.5,42.5,0.675,High Vulnerability,561
BPL_CELL_0799,19,38,23.2495,77.4285,TT Nagar / New Market Urban Center,41.06,0.163,56.0,29.4,12.0,Clay Loam,1129.7,42.5,0.6385,High Vulnerability,662
BPL_CELL_0800,19,39,23.2495,77.4295,TT Nagar / New Market Urban Center,40.43,0.237,57.7,31.1,11.7,Clay Loam,1089.0,42.5,0.5984,High Vulnerability,941
BPL_CELL_0801,20,0,23.2505,77.3905,Bhojtal Lakefront / Water Buffer,30.45,0.494,14.3,69.8,5.1,Alluvial,1115.9,42.5,0.0976,Low Vulnerability,1558
BPL_CELL_0802,20,1,23.2505,77.3915,Bhojtal Lakefront / Water Buffer,31.5,0.543,9.5,65.2,4.7,Alluvial,1126.0,42.5,0.0935,Low Vulnerability,1567
BPL_CELL_0803,20,2,23.2505,77.3925,Bhojtal Lakefront / Water Buffer,34.15,0.477,11.1,73.2,4.6,Alluvial,1115.7,42.5,0.159,Low Vulnerability,1288
BPL_CELL_0804,20,3,23.2505,77.3935,Bhojtal Lakefront / Water Buffer,32.86,0.502,10.2,66.0,4.0,Alluvial,1083.9,42.5,0.1364,Low Vulnerability,1379
BPL_CELL_0805,20,4,23.2505,77.3945,Bhojtal Lakefront / Water Buffer,32.17,0.494,10.5,64.8,3.1,Alluvial,1112.7,42.5,0.1296,Low Vulnerability,1410
BPL_CELL_0806,20,5,23.2505,77.3955,Bhojtal Lakefront / Water Buffer,32.48,0.479,16.9,66.4,4.2,Alluvial,1081.6,42.5,0.1571,Low Vulnerability,1290
BPL_CELL_0807,20,6,23.2505,77.3965,Bhojtal Lakefront / Water Buffer,34.0,0.53,14.8,68.2,3.1,Alluvial,1129.3,42.5,0.1561,Low Vulnerability,1294
BPL_CELL_0808,20,7,23.2505,77.3975,Bhojtal Lakefront / Water Buffer,33.27,0.521,10.7,75.8,3.2,Alluvial,1122.0,42.5,0.1181,Low Vulnerability,1469
BPL_CELL_0809,20,8,23.2505,77.3985,Bhojtal Lakefront / Water Buffer,31.7,0.522,9.5,68.6,4.0,Alluvial,1114.1,42.5,0.0987,Low Vulnerability,1551
BPL_CELL_0810,20,9,23.2505,77.3995,Bhojtal Lakefront / Water Buffer,32.65,0.501,14.1,64.2,3.4,Alluvial,1105.6,42.5,0.1479,Low Vulnerability,1319
BPL_CELL_0811,20,10,23.2505,77.4005,Bhojtal Lakefront / Water Buffer,30.68,0.51,13.0,64.5,2.8,Alluvial,1072.5,42.5,0.1026,Low Vulnerability,1536
BPL_CELL_0812,20,11,23.2505,77.4015,Bhojtal Lakefront / Water Buffer,33.0,0.556,11.9,64.1,5.0,Alluvial,1103.5,42.5,0.1264,Low Vulnerability,1428
BPL_CELL_0813,20,12,23.2505,77.4025,Bhojtal Lakefront / Water Buffer,31.24,0.516,14.8,68.8,3.7,Alluvial,1119.7,42.5,0.1075,Low Vulnerability,1513
BPL_CELL_0814,20,13,23.2505,77.4035,Bhojtal Lakefront / Water Buffer,32.96,0.489,12.9,67.2,4.0,Alluvial,1101.0,42.5,0.1489,Low Vulnerability,1315
BPL_CELL_0815,20,14,23.2505,77.4045,TT Nagar / New Market Urban Center,41.56,0.264,52.7,26.4,13.5,Clay Loam,1126.3,42.5,0.6042,High Vulnerability,907
BPL_CELL_0816,20,15,23.2505,77.4055,TT Nagar / New Market Urban Center,41.52,0.215,56.2,22.2,12.9,Clay Loam,1080.7,42.5,0.6419,High Vulnerability,639
BPL_CELL_0817,20,16,23.2505,77.4065,TT Nagar / New Market Urban Center,39.3,0.195,59.1,28.2,12.4,Clay Loam,1124.4,42.5,0.6035,High Vulnerability,914
BPL_CELL_0818,20,17,23.2505,77.4075,TT Nagar / New Market Urban Center,41.88,0.234,52.7,26.1,12.7,Clay Loam,1097.0,42.5,0.6229,High Vulnerability,774
BPL_CELL_0819,20,18,23.2505,77.4085,TT Nagar / New Market Urban Center,39.79,0.248,53.4,28.5,10.4,Clay Loam,1092.7,42.5,0.5744,High Vulnerability,1012
BPL_CELL_0820,20,19,23.2505,77.4095,TT Nagar / New Market Urban Center,40.34,0.182,62.1,28.3,11.9,Clay Loam,1109.6,42.5,0.6373,High Vulnerability,674
BPL_CELL_0821,20,20,23.2505,77.4105,TT Nagar / New Market Urban Center,41.57,0.269,60.4,29.3,11.8,Clay Loam,1116.1,42.5,0.6191,High Vulnerability,801
BPL_CELL_0822,20,21,23.2505,77.4115,TT Nagar / New Market Urban Center,40.87,0.18,59.6,26.2,12.7,Clay Loam,1082.2,42.5,0.6452,High Vulnerability,620
BPL_CELL_0823,20,22,23.2505,77.4125,TT Nagar / New Market Urban Center,40.01,0.204,51.3,26.5,12.3,Clay Loam,1123.0,42.5,0.5941,High Vulnerability,960
BPL_CELL_0824,20,23,23.2505,77.4135,TT Nagar / New Market Urban Center,40.47,0.223,62.7,22.0,12.5,Clay Loam,1074.8,42.5,0.6381,High Vulnerability,666
BPL_CELL_0825,20,24,23.2505,77.4145,TT Nagar / New Market Urban Center,39.95,0.207,53.3,23.8,11.0,Clay Loam,1072.9,42.5,0.6032,High Vulnerability,915
BPL_CELL_0826,20,25,23.2505,77.4155,TT Nagar / New Market Urban Center,39.91,0.246,62.1,30.7,12.8,Clay Loam,1110.0,42.5,0.5986,High Vulnerability,939
BPL_CELL_0827,20,26,23.2505,77.4165,TT Nagar / New Market Urban Center,40.9,0.199,59.0,24.5,12.0,Clay Loam,1110.3,42.5,0.6399,High Vulnerability,651
BPL_CELL_0828,20,27,23.2505,77.4175,TT Nagar / New Market Urban Center,40.78,0.185,54.6,20.6,11.6,Clay Loam,1080.6,42.5,0.6382,High Vulnerability,664
BPL_CELL_0829,20,28,23.2505,77.4185,TT Nagar / New Market Urban Center,39.36,0.231,59.4,24.4,12.2,Clay Loam,1092.7,42.5,0.599,High Vulnerability,935
BPL_CELL_0830,20,29,23.2505,77.4195,TT Nagar / New Market Urban Center,41.32,0.249,59.5,22.6,12.2,Clay Loam,1078.1,42.5,0.6334,High Vulnerability,697
BPL_CELL_0831,20,30,23.2505,77.4205,TT Nagar / New Market Urban Center,40.25,0.197,53.8,24.4,12.0,Clay Loam,1076.6,42.5,0.6131,High Vulnerability,844
BPL_CELL_0832,20,31,23.2505,77.4215,TT Nagar / New Market Urban Center,39.33,0.215,53.1,28.4,12.3,Clay Loam,1111.3,42.5,0.5781,High Vulnerability,1010
BPL_CELL_0833,20,32,23.2505,77.4225,TT Nagar / New Market Urban Center,42.91,0.185,56.9,29.0,12.0,Clay Loam,1129.7,42.5,0.6687,High Vulnerability,566
BPL_CELL_0834,20,33,23.2505,77.4235,TT Nagar / New Market Urban Center,41.5,0.21,59.5,21.6,12.0,Clay Loam,1107.9,42.5,0.6544,High Vulnerability,594
BPL_CELL_0835,20,34,23.2505,77.4245,TT Nagar / New Market Urban Center,39.93,0.221,53.8,22.0,12.4,Clay Loam,1071.4,42.5,0.6023,High Vulnerability,918
BPL_CELL_0836,20,35,23.2505,77.4255,TT Nagar / New Market Urban Center,40.49,0.209,56.8,28.1,11.2,Clay Loam,1129.9,42.5,0.6142,High Vulnerability,835
BPL_CELL_0837,20,36,23.2505,77.4265,TT Nagar / New Market Urban Center,39.8,0.234,53.4,23.4,12.9,Clay Loam,1086.9,42.5,0.5906,High Vulnerability,980
BPL_CELL_0838,20,37,23.2505,77.4275,TT Nagar / New Market Urban Center,40.54,0.226,55.1,22.3,12.4,Clay Loam,1070.4,42.5,0.6153,High Vulnerability,827
BPL_CELL_0839,20,38,23.2505,77.4285,TT Nagar / New Market Urban Center,40.18,0.195,57.2,20.9,12.9,Clay Loam,1089.8,42.5,0.6298,High Vulnerability,732
BPL_CELL_0840,20,39,23.2505,77.4295,TT Nagar / New Market Urban Center,40.6,0.196,62.5,29.6,11.7,Clay Loam,1108.7,42.5,0.6352,High Vulnerability,686
BPL_CELL_0841,21,0,23.2515,77.3905,Bhojtal Lakefront / Water Buffer,31.24,0.525,15.4,65.7,3.5,Alluvial,1094.8,42.5,0.112,Low Vulnerability,1494
BPL_CELL_0842,21,1,23.2515,77.3915,Bhojtal Lakefront / Water Buffer,33.86,0.517,5.4,66.5,5.4,Alluvial,1088.9,42.5,0.1344,Low Vulnerability,1390
BPL_CELL_0843,21,2,23.2515,77.3925,Bhojtal Lakefront / Water Buffer,31.9,0.515,9.5,63.1,4.8,Alluvial,1128.2,42.5,0.1166,Low Vulnerability,1477
BPL_CELL_0844,21,3,23.2515,77.3935,Bhojtal Lakefront / Water Buffer,31.96,0.519,12.9,72.2,4.1,Alluvial,1120.5,42.5,0.1076,Low Vulnerability,1512
BPL_CELL_0845,21,4,23.2515,77.3945,Bhojtal Lakefront / Water Buffer,31.69,0.507,6.2,64.6,4.2,Alluvial,1088.9,42.5,0.103,Low Vulnerability,1534
BPL_CELL_0846,21,5,23.2515,77.3955,Bhojtal Lakefront / Water Buffer,31.09,0.55,12.7,65.8,4.2,Alluvial,1097.1,42.5,0.091,Low Vulnerability,1572
BPL_CELL_0847,21,6,23.2515,77.3965,Bhojtal Lakefront / Water Buffer,33.1,0.514,11.4,69.4,4.5,Alluvial,1124.8,42.5,0.1328,Low Vulnerability,1395
BPL_CELL_0848,21,7,23.2515,77.3975,Bhojtal Lakefront / Water Buffer,30.98,0.514,12.3,64.5,4.3,Alluvial,1081.4,42.5,0.1047,Low Vulnerability,1527
BPL_CELL_0849,21,8,23.2515,77.3985,Bhojtal Lakefront / Water Buffer,33.8,0.498,6.0,67.2,5.2,Alluvial,1119.3,42.5,0.1412,Low Vulnerability,1351
BPL_CELL_0850,21,9,23.2515,77.3995,Bhojtal Lakefront / Water Buffer,33.93,0.562,10.0,71.2,5.2,Alluvial,1097.6,42.5,0.1217,Low Vulnerability,1448
BPL_CELL_0851,21,10,23.2515,77.4005,Bhojtal Lakefront / Water Buffer,32.25,0.484,20.1,68.2,3.8,Alluvial,1075.2,42.5,0.1564,Low Vulnerability,1292
BPL_CELL_0852,21,11,23.2515,77.4015,Bhojtal Lakefront / Water Buffer,31.38,0.511,12.2,63.6,4.0,Alluvial,1088.7,42.5,0.1152,Low Vulnerability,1481
BPL_CELL_0853,21,12,23.2515,77.4025,Bhojtal Lakefront / Water Buffer,31.81,0.508,14.4,66.3,4.4,Alluvial,1089.1,42.5,0.1256,Low Vulnerability,1430
BPL_CELL_0854,21,13,23.2515,77.4035,Bhojtal Lakefront / Water Buffer,33.18,0.506,12.6,69.4,4.7,Alluvial,1070.9,42.5,0.141,Low Vulnerability,1353
BPL_CELL_0855,21,14,23.2515,77.4045,TT Nagar / New Market Urban Center,39.73,0.195,58.9,27.7,12.2,Clay Loam,1112.3,42.5,0.6122,High Vulnerability,850
BPL_CELL_0856,21,15,23.2515,77.4055,TT Nagar / New Market Urban Center,40.95,0.215,60.6,28.7,12.9,Clay Loam,1090.3,42.5,0.6306,High Vulnerability,722
BPL_CELL_0857,21,16,23.2515,77.4065,TT Nagar / New Market Urban Center,40.05,0.225,52.8,25.8,12.6,Clay Loam,1095.6,42.5,0.5923,High Vulnerability,971
BPL_CELL_0858,21,17,23.2515,77.4075,TT Nagar / New Market Urban Center,40.68,0.237,62.3,20.2,11.6,Clay Loam,1112.0,42.5,0.639,High Vulnerability,657
BPL_CELL_0859,21,18,23.2515,77.4085,TT Nagar / New Market Urban Center,39.92,0.203,60.3,20.7,11.9,Clay Loam,1128.4,42.5,0.6311,High Vulnerability,720
BPL_CELL_0860,21,19,23.2515,77.4095,TT Nagar / New Market Urban Center,39.52,0.221,54.1,28.7,13.5,Clay Loam,1125.2,42.5,0.5816,High Vulnerability,1005
BPL_CELL_0861,21,20,23.2515,77.4105,TT Nagar / New Market Urban Center,39.53,0.227,55.8,20.7,11.8,Clay Loam,1083.4,42.5,0.6008,High Vulnerability,923
BPL_CELL_0862,21,21,23.2515,77.4115,TT Nagar / New Market Urban Center,40.64,0.247,54.3,27.6,12.0,Clay Loam,1112.0,42.5,0.5956,High Vulnerability,954
BPL_CELL_0863,21,22,23.2515,77.4125,TT Nagar / New Market Urban Center,39.69,0.174,60.8,22.8,13.3,Clay Loam,1091.1,42.5,0.6354,High Vulnerability,683
BPL_CELL_0864,21,23,23.2515,77.4135,TT Nagar / New Market Urban Center,40.69,0.202,58.5,25.5,11.3,Clay Loam,1077.6,42.5,0.6312,High Vulnerability,718
BPL_CELL_0865,21,24,23.2515,77.4145,TT Nagar / New Market Urban Center,41.82,0.253,58.9,22.4,11.6,Clay Loam,1102.0,42.5,0.64,High Vulnerability,649
BPL_CELL_0866,21,25,23.2515,77.4155,TT Nagar / New Market Urban Center,39.21,0.195,60.1,22.3,11.7,Clay Loam,1128.4,42.5,0.6168,High Vulnerability,812
BPL_CELL_0867,21,26,23.2515,77.4165,TT Nagar / New Market Urban Center,39.89,0.238,59.8,21.3,12.6,Clay Loam,1117.2,42.5,0.6139,High Vulnerability,838
BPL_CELL_0868,21,27,23.2515,77.4175,TT Nagar / New Market Urban Center,39.56,0.199,57.3,24.4,12.1,Clay Loam,1125.9,42.5,0.6094,High Vulnerability,867
BPL_CELL_0869,21,28,23.2515,77.4185,TT Nagar / New Market Urban Center,39.57,0.204,54.7,23.2,11.0,Clay Loam,1080.6,42.5,0.6024,High Vulnerability,916
BPL_CELL_0870,21,29,23.2515,77.4195,TT Nagar / New Market Urban Center,39.93,0.231,57.6,29.3,13.3,Clay Loam,1116.3,42.5,0.5946,High Vulnerability,957
BPL_CELL_0871,21,30,23.2515,77.4205,TT Nagar / New Market Urban Center,39.74,0.244,57.2,23.9,13.1,Clay Loam,1124.2,42.5,0.5956,High Vulnerability,955
BPL_CELL_0872,21,31,23.2515,77.4215,TT Nagar / New Market Urban Center,38.78,0.22,57.9,26.0,12.8,Clay Loam,1101.9,42.5,0.5845,High Vulnerability,1002
BPL_CELL_0873,21,32,23.2515,77.4225,TT Nagar / New Market Urban Center,39.59,0.245,59.8,29.3,12.0,Clay Loam,1124.8,42.5,0.589,High Vulnerability,985
BPL_CELL_0874,21,33,23.2515,77.4235,TT Nagar / New Market Urban Center,41.57,0.196,65.9,17.2,13.3,Clay Loam,1090.7,42.5,0.6892,High Vulnerability,557
BPL_CELL_0875,21,34,23.2515,77.4245,TT Nagar / New Market Urban Center,40.6,0.222,61.5,24.7,12.9,Clay Loam,1092.2,42.5,0.6319,High Vulnerability,711
BPL_CELL_0876,21,35,23.2515,77.4255,TT Nagar / New Market Urban Center,41.04,0.211,57.7,23.4,11.0,Clay Loam,1091.6,42.5,0.6362,High Vulnerability,679
BPL_CELL_0877,21,36,23.2515,77.4265,TT Nagar / New Market Urban Center,41.66,0.174,58.5,29.6,11.8,Clay Loam,1093.0,42.5,0.6525,High Vulnerability,599
BPL_CELL_0878,21,37,23.2515,77.4275,TT Nagar / New Market Urban Center,40.99,0.192,61.0,23.2,11.6,Clay Loam,1081.3,42.5,0.653,High Vulnerability,598
BPL_CELL_0879,21,38,23.2515,77.4285,TT Nagar / New Market Urban Center,38.97,0.265,59.1,23.5,13.6,Clay Loam,1078.1,42.5,0.5789,High Vulnerability,1009
BPL_CELL_0880,21,39,23.2515,77.4295,TT Nagar / New Market Urban Center,40.48,0.225,58.3,24.4,11.5,Clay Loam,1096.2,42.5,0.6196,High Vulnerability,796
BPL_CELL_0881,22,0,23.2525,77.3905,Bhojtal Lakefront / Water Buffer,32.88,0.519,9.7,65.6,2.8,Alluvial,1106.3,42.5,0.1293,Low Vulnerability,1414
BPL_CELL_0882,22,1,23.2525,77.3915,Bhojtal Lakefront / Water Buffer,32.93,0.503,13.0,64.2,4.1,Alluvial,1097.0,42.5,0.1492,Low Vulnerability,1311
BPL_CELL_0883,22,2,23.2525,77.3925,Bhojtal Lakefront / Water Buffer,32.15,0.535,8.4,65.6,4.5,Alluvial,1100.1,42.5,0.1051,Low Vulnerability,1525
BPL_CELL_0884,22,3,23.2525,77.3935,Bhojtal Lakefront / Water Buffer,31.96,0.488,14.3,62.4,5.8,Alluvial,1104.1,42.5,0.1441,Low Vulnerability,1339
BPL_CELL_0885,22,4,23.2525,77.3945,Bhojtal Lakefront / Water Buffer,32.38,0.506,6.7,68.5,5.0,Alluvial,1129.0,42.5,0.1101,Low Vulnerability,1503
BPL_CELL_0886,22,5,23.2525,77.3955,Bhojtal Lakefront / Water Buffer,33.64,0.572,11.4,66.8,4.3,Alluvial,1123.4,42.5,0.1253,Low Vulnerability,1433
BPL_CELL_0887,22,6,23.2525,77.3965,Bhojtal Lakefront / Water Buffer,33.36,0.538,11.5,60.4,5.2,Alluvial,1117.9,42.5,0.1469,Low Vulnerability,1324
BPL_CELL_0888,22,7,23.2525,77.3975,Bhojtal Lakefront / Water Buffer,33.1,0.516,13.1,65.1,5.4,Alluvial,1098.1,42.5,0.1458,Low Vulnerability,1328
BPL_CELL_0889,22,8,23.2525,77.3985,Bhojtal Lakefront / Water Buffer,31.49,0.517,11.6,64.9,5.6,Alluvial,1087.4,42.5,0.1105,Low Vulnerability,1500
BPL_CELL_0890,22,9,23.2525,77.3995,Bhojtal Lakefront / Water Buffer,32.11,0.586,13.7,68.0,2.9,Alluvial,1103.8,42.5,0.0947,Low Vulnerability,1563
BPL_CELL_0891,22,10,23.2525,77.4005,Bhojtal Lakefront / Water Buffer,33.44,0.533,12.6,68.9,5.7,Alluvial,1107.5,42.5,0.1363,Low Vulnerability,1380
BPL_CELL_0892,22,11,23.2525,77.4015,Bhojtal Lakefront / Water Buffer,32.4,0.517,13.4,62.1,4.1,Alluvial,1086.7,42.5,0.1389,Low Vulnerability,1363
BPL_CELL_0893,22,12,23.2525,77.4025,Bhojtal Lakefront / Water Buffer,32.99,0.538,12.4,67.6,4.6,Alluvial,1105.5,42.5,0.1277,Low Vulnerability,1421
BPL_CELL_0894,22,13,23.2525,77.4035,Bhojtal Lakefront / Water Buffer,32.86,0.539,15.1,68.8,3.6,Alluvial,1112.0,42.5,0.1303,Low Vulnerability,1406
BPL_CELL_0895,22,14,23.2525,77.4045,TT Nagar / New Market Urban Center,38.89,0.225,60.1,22.9,12.8,Clay Loam,1126.0,42.5,0.5975,High Vulnerability,944
BPL_CELL_0896,22,15,23.2525,77.4055,TT Nagar / New Market Urban Center,40.75,0.24,61.4,30.1,12.3,Clay Loam,1084.3,42.5,0.6163,High Vulnerability,816
BPL_CELL_0897,22,16,23.2525,77.4065,TT Nagar / New Market Urban Center,39.31,0.236,59.4,29.7,11.8,Clay Loam,1115.3,42.5,0.5852,High Vulnerability,999
BPL_CELL_0898,22,17,23.2525,77.4075,TT Nagar / New Market Urban Center,41.57,0.234,59.4,23.0,12.8,Clay Loam,1114.8,42.5,0.643,High Vulnerability,631
BPL_CELL_0899,22,18,23.2525,77.4085,TT Nagar / New Market Urban Center,40.52,0.183,54.0,28.2,12.0,Clay Loam,1122.2,42.5,0.6167,High Vulnerability,813
BPL_CELL_0900,22,19,23.2525,77.4095,TT Nagar / New Market Urban Center,40.58,0.288,58.6,20.7,12.8,Clay Loam,1127.7,42.5,0.6049,High Vulnerability,899
BPL_CELL_0901,22,20,23.2525,77.4105,TT Nagar / New Market Urban Center,40.39,0.212,62.3,22.9,13.2,Clay Loam,1125.1,42.5,0.6379,High Vulnerability,670
BPL_CELL_0902,22,21,23.2525,77.4115,TT Nagar / New Market Urban Center,40.24,0.237,55.5,24.9,12.8,Clay Loam,1109.3,42.5,0.601,High Vulnerability,922
BPL_CELL_0903,22,22,23.2525,77.4125,TT Nagar / New Market Urban Center,39.3,0.253,58.0,20.1,12.0,Clay Loam,1090.2,42.5,0.5937,High Vulnerability,964
BPL_CELL_0904,22,23,23.2525,77.4135,TT Nagar / New Market Urban Center,40.19,0.213,55.9,20.7,12.0,Clay Loam,1119.9,42.5,0.6194,High Vulnerability,800
BPL_CELL_0905,22,24,23.2525,77.4145,TT Nagar / New Market Urban Center,40.91,0.221,61.0,27.0,12.5,Clay Loam,1081.6,42.5,0.6321,High Vulnerability,707
BPL_CELL_0906,22,25,23.2525,77.4155,TT Nagar / New Market Urban Center,41.22,0.233,58.2,29.1,12.0,Clay Loam,1120.1,42.5,0.6207,High Vulnerability,789
BPL_CELL_0907,22,26,23.2525,77.4165,TT Nagar / New Market Urban Center,41.72,0.207,57.5,23.5,12.7,Clay Loam,1109.4,42.5,0.6501,High Vulnerability,605
BPL_CELL_0908,22,27,23.2525,77.4175,TT Nagar / New Market Urban Center,40.13,0.251,55.3,31.2,12.1,Clay Loam,1111.7,42.5,0.5798,High Vulnerability,1008
BPL_CELL_0909,22,28,23.2525,77.4185,TT Nagar / New Market Urban Center,40.48,0.254,62.6,23.3,13.0,Clay Loam,1095.6,42.5,0.623,High Vulnerability,772
BPL_CELL_0910,22,29,23.2525,77.4195,TT Nagar / New Market Urban Center,40.16,0.262,54.6,24.2,12.8,Clay Loam,1074.4,42.5,0.5883,High Vulnerability,988
BPL_CELL_0911,22,30,23.2525,77.4205,TT Nagar / New Market Urban Center,40.65,0.191,57.4,25.9,13.0,Clay Loam,1096.4,42.5,0.6307,High Vulnerability,721
BPL_CELL_0912,22,31,23.2525,77.4215,TT Nagar / New Market Urban Center,40.31,0.151,58.4,23.6,12.1,Clay Loam,1099.5,42.5,0.6478,High Vulnerability,610
BPL_CELL_0913,22,32,23.2525,77.4225,TT Nagar / New Market Urban Center,41.45,0.26,59.0,29.2,13.5,Clay Loam,1076.2,42.5,0.6165,High Vulnerability,815
BPL_CELL_0914,22,33,23.2525,77.4235,TT Nagar / New Market Urban Center,39.76,0.255,60.0,25.0,13.3,Clay Loam,1123.8,42.5,0.5976,High Vulnerability,943
BPL_CELL_0915,22,34,23.2525,77.4245,TT Nagar / New Market Urban Center,41.26,0.255,62.7,23.2,12.3,Clay Loam,1124.3,42.5,0.638,High Vulnerability,668
BPL_CELL_0916,22,35,23.2525,77.4255,TT Nagar / New Market Urban Center,41.89,0.188,56.1,28.2,12.1,Clay Loam,1096.2,42.5,0.6472,High Vulnerability,614
BPL_CELL_0917,22,36,23.2525,77.4265,TT Nagar / New Market Urban Center,41.37,0.177,59.0,21.4,14.4,Clay Loam,1119.1,42.5,0.664,High Vulnerability,577
BPL_CELL_0918,22,37,23.2525,77.4275,TT Nagar / New Market Urban Center,40.55,0.181,58.5,27.6,12.1,Clay Loam,1110.9,42.5,0.6325,High Vulnerability,704
BPL_CELL_0919,22,38,23.2525,77.4285,TT Nagar / New Market Urban Center,39.47,0.245,59.5,24.7,10.4,Clay Loam,1074.8,42.5,0.5952,High Vulnerability,956
BPL_CELL_0920,22,39,23.2525,77.4295,TT Nagar / New Market Urban Center,40.01,0.17,59.5,23.9,12.0,Clay Loam,1072.4,42.5,0.6371,High Vulnerability,675
BPL_CELL_0921,23,0,23.2535,77.3905,Bhojtal Lakefront / Water Buffer,32.06,0.533,9.5,62.0,3.7,Alluvial,1075.1,42.5,0.1148,Low Vulnerability,1482
BPL_CELL_0922,23,1,23.2535,77.3915,Bhojtal Lakefront / Water Buffer,31.88,0.487,7.8,69.3,4.6,Alluvial,1113.2,42.5,0.1097,Low Vulnerability,1507
BPL_CELL_0923,23,2,23.2535,77.3925,Bhojtal Lakefront / Water Buffer,31.63,0.501,16.0,69.4,3.8,Alluvial,1120.1,42.5,0.1233,Low Vulnerability,1441
BPL_CELL_0924,23,3,23.2535,77.3935,Bhojtal Lakefront / Water Buffer,33.54,0.426,15.6,69.0,4.3,Alluvial,1117.3,42.5,0.1895,Low Vulnerability,1266
BPL_CELL_0925,23,4,23.2535,77.3945,Bhojtal Lakefront / Water Buffer,32.94,0.524,13.8,63.8,3.0,Alluvial,1122.5,42.5,0.1442,Low Vulnerability,1337
BPL_CELL_0926,23,5,23.2535,77.3955,Bhojtal Lakefront / Water Buffer,32.85,0.543,15.7,68.7,4.1,Alluvial,1078.5,42.5,0.1305,Low Vulnerability,1405
BPL_CELL_0927,23,6,23.2535,77.3965,Bhojtal Lakefront / Water Buffer,31.92,0.492,12.9,67.5,4.1,Alluvial,1080.3,42.5,0.1272,Low Vulnerability,1424
BPL_CELL_0928,23,7,23.2535,77.3975,Bhojtal Lakefront / Water Buffer,32.05,0.544,12.9,68.9,3.4,Alluvial,1080.2,42.5,0.1061,Low Vulnerability,1521
BPL_CELL_0929,23,8,23.2535,77.3985,Bhojtal Lakefront / Water Buffer,31.1,0.49,15.2,70.2,4.4,Alluvial,1118.3,42.5,0.1135,Low Vulnerability,1491
BPL_CELL_0930,23,9,23.2535,77.3995,Bhojtal Lakefront / Water Buffer,31.89,0.471,14.9,72.5,4.1,Alluvial,1089.5,42.5,0.1306,Low Vulnerability,1404
BPL_CELL_0931,23,10,23.2535,77.4005,Bhojtal Lakefront / Water Buffer,33.67,0.514,16.3,72.3,4.6,Alluvial,1105.6,42.5,0.1522,Low Vulnerability,1304
BPL_CELL_0932,23,11,23.2535,77.4015,Bhojtal Lakefront / Water Buffer,31.03,0.512,13.5,70.0,4.8,Alluvial,1111.8,42.5,0.0988,Low Vulnerability,1550
BPL_CELL_0933,23,12,23.2535,77.4025,Bhojtal Lakefront / Water Buffer,31.59,0.509,12.9,67.6,5.5,Alluvial,1106.7,42.5,0.1139,Low Vulnerability,1489
BPL_CELL_0934,23,13,23.2535,77.4035,Bhojtal Lakefront / Water Buffer,33.53,0.521,11.4,67.7,4.2,Alluvial,1080.8,42.5,0.1417,Low Vulnerability,1347
BPL_CELL_0935,23,14,23.2535,77.4045,TT Nagar / New Market Urban Center,41.61,0.243,60.8,23.0,12.9,Clay Loam,1111.5,42.5,0.6443,High Vulnerability,626
BPL_CELL_0936,23,15,23.2535,77.4055,TT Nagar / New Market Urban Center,39.05,0.232,62.8,21.9,12.3,Clay Loam,1126.3,42.5,0.6077,High Vulnerability,884
BPL_CELL_0937,23,16,23.2535,77.4065,TT Nagar / New Market Urban Center,40.31,0.215,59.8,28.2,13.5,Clay Loam,1117.0,42.5,0.617,High Vulnerability,809
BPL_CELL_0938,23,17,23.2535,77.4075,TT Nagar / New Market Urban Center,40.11,0.218,58.3,25.1,12.8,Clay Loam,1101.8,42.5,0.6139,High Vulnerability,839
BPL_CELL_0939,23,18,23.2535,77.4085,TT Nagar / New Market Urban Center,41.2,0.236,58.3,21.3,12.7,Clay Loam,1109.6,42.5,0.6354,High Vulnerability,684
BPL_CELL_0940,23,19,23.2535,77.4095,TT Nagar / New Market Urban Center,42.02,0.217,60.3,26.3,11.2,Clay Loam,1128.1,42.5,0.6544,High Vulnerability,595
BPL_CELL_0941,23,20,23.2535,77.4105,TT Nagar / New Market Urban Center,39.95,0.223,57.5,24.2,12.0,Clay Loam,1096.1,42.5,0.6083,High Vulnerability,876
BPL_CELL_0942,23,21,23.2535,77.4115,TT Nagar / New Market Urban Center,39.92,0.193,63.5,25.0,12.2,Clay Loam,1114.4,42.5,0.6357,High Vulnerability,682
BPL_CELL_0943,23,22,23.2535,77.4125,TT Nagar / New Market Urban Center,41.0,0.212,58.9,21.6,13.7,Clay Loam,1113.3,42.5,0.6423,High Vulnerability,634
BPL_CELL_0944,23,23,23.2535,77.4135,TT Nagar / New Market Urban Center,41.77,0.198,56.3,26.4,13.5,Clay Loam,1089.5,42.5,0.6452,High Vulnerability,621
BPL_CELL_0945,23,24,23.2535,77.4145,TT Nagar / New Market Urban Center,40.64,0.194,62.7,27.8,12.9,Clay Loam,1083.2,42.5,0.641,High Vulnerability,642
BPL_CELL_0946,23,25,23.2535,77.4155,TT Nagar / New Market Urban Center,39.86,0.186,58.7,26.3,12.1,Clay Loam,1125.7,42.5,0.6206,High Vulnerability,790
BPL_CELL_0947,23,26,23.2535,77.4165,TT Nagar / New Market Urban Center,39.64,0.228,61.7,28.6,10.9,Clay Loam,1082.1,42.5,0.6037,High Vulnerability,912
BPL_CELL_0948,23,27,23.2535,77.4175,TT Nagar / New Market Urban Center,38.69,0.252,61.9,26.5,12.6,Clay Loam,1121.1,42.5,0.5808,High Vulnerability,1006
BPL_CELL_0949,23,28,23.2535,77.4185,TT Nagar / New Market Urban Center,39.97,0.225,54.0,30.2,11.3,Clay Loam,1108.3,42.5,0.5853,High Vulnerability,998
BPL_CELL_0950,23,29,23.2535,77.4195,TT Nagar / New Market Urban Center,39.54,0.206,56.6,30.8,12.1,Clay Loam,1075.2,42.5,0.5911,High Vulnerability,976
BPL_CELL_0951,23,30,23.2535,77.4205,TT Nagar / New Market Urban Center,41.15,0.193,62.7,24.9,12.7,Clay Loam,1113.8,42.5,0.6572,High Vulnerability,588
BPL_CELL_0952,23,31,23.2535,77.4215,TT Nagar / New Market Urban Center,39.88,0.218,55.4,23.2,13.3,Clay Loam,1123.5,42.5,0.6048,High Vulnerability,900
BPL_CELL_0953,23,32,23.2535,77.4225,TT Nagar / New Market Urban Center,40.07,0.211,57.7,24.9,12.6,Clay Loam,1098.2,42.5,0.6145,High Vulnerability,832
BPL_CELL_0954,23,33,23.2535,77.4235,TT Nagar / New Market Urban Center,40.47,0.221,57.1,21.6,12.2,Clay Loam,1117.9,42.5,0.6232,High Vulnerability,770
BPL_CELL_0955,23,34,23.2535,77.4245,TT Nagar / New Market Urban Center,40.93,0.19,58.3,28.8,13.7,Clay Loam,1127.0,42.5,0.6332,High Vulnerability,699
BPL_CELL_0956,23,35,23.2535,77.4255,TT Nagar / New Market Urban Center,40.61,0.237,60.2,24.2,12.1,Clay Loam,1098.8,42.5,0.6233,High Vulnerability,769
BPL_CELL_0957,23,36,23.2535,77.4265,TT Nagar / New Market Urban Center,40.03,0.264,61.6,21.1,13.3,Clay Loam,1116.3,42.5,0.6119,High Vulnerability,851
BPL_CELL_0958,23,37,23.2535,77.4275,TT Nagar / New Market Urban Center,40.65,0.242,55.5,25.7,11.7,Clay Loam,1097.9,42.5,0.6052,High Vulnerability,896
BPL_CELL_0959,23,38,23.2535,77.4285,TT Nagar / New Market Urban Center,39.31,0.176,64.7,27.7,12.3,Clay Loam,1095.6,42.5,0.6288,High Vulnerability,738
BPL_CELL_0960,23,39,23.2535,77.4295,TT Nagar / New Market Urban Center,40.7,0.211,66.4,19.9,12.0,Clay Loam,1117.3,42.5,0.6625,High Vulnerability,581
BPL_CELL_0961,24,0,23.2545,77.3905,Bhojtal Lakefront / Water Buffer,34.12,0.55,11.9,67.0,5.3,Alluvial,1123.3,42.5,0.1444,Low Vulnerability,1336
BPL_CELL_0962,24,1,23.2545,77.3915,Bhojtal Lakefront / Water Buffer,32.05,0.542,14.1,65.9,3.7,Alluvial,1080.5,42.5,0.1165,Low Vulnerability,1478
BPL_CELL_0963,24,2,23.2545,77.3925,Bhojtal Lakefront / Water Buffer,32.19,0.516,11.4,66.0,4.8,Alluvial,1076.8,42.5,0.1214,Low Vulnerability,1452
BPL_CELL_0964,24,3,23.2545,77.3935,Bhojtal Lakefront / Water Buffer,32.42,0.45,13.1,61.4,3.2,Alluvial,1082.6,42.5,0.1666,Low Vulnerability,1277
BPL_CELL_0965,24,4,23.2545,77.3945,Bhojtal Lakefront / Water Buffer,32.48,0.499,10.3,69.9,3.9,Alluvial,1073.8,42.5,0.1226,Low Vulnerability,1443
BPL_CELL_0966,24,5,23.2545,77.3955,Bhojtal Lakefront / Water Buffer,31.84,0.5,15.3,66.5,4.1,Alluvial,1112.6,42.5,0.1316,Low Vulnerability,1401
BPL_CELL_0967,24,6,23.2545,77.3965,Bhojtal Lakefront / Water Buffer,32.02,0.487,10.7,72.0,4.8,Alluvial,1118.5,42.5,0.1154,Low Vulnerability,1480
BPL_CELL_0968,24,7,23.2545,77.3975,Bhojtal Lakefront / Water Buffer,30.44,0.53,11.5,70.6,3.6,Alluvial,1074.8,42.5,0.0732,Low Vulnerability,1591
BPL_CELL_0969,24,8,23.2545,77.3985,Bhojtal Lakefront / Water Buffer,33.09,0.505,13.6,67.6,4.0,Alluvial,1099.8,42.5,0.1463,Low Vulnerability,1326
BPL_CELL_0970,24,9,23.2545,77.3995,Bhojtal Lakefront / Water Buffer,33.87,0.546,9.0,66.3,3.7,Alluvial,1128.2,42.5,0.1341,Low Vulnerability,1391
BPL_CELL_0971,24,10,23.2545,77.4005,Bhojtal Lakefront / Water Buffer,32.04,0.516,9.8,70.7,3.8,Alluvial,1073.8,42.5,0.1042,Low Vulnerability,1531
BPL_CELL_0972,24,11,23.2545,77.4015,Bhojtal Lakefront / Water Buffer,31.91,0.535,10.2,72.1,3.8,Alluvial,1094.7,42.5,0.0925,Low Vulnerability,1570
BPL_CELL_0973,24,12,23.2545,77.4025,Bhojtal Lakefront / Water Buffer,31.79,0.556,9.8,71.6,3.7,Alluvial,1096.7,42.5,0.0817,Low Vulnerability,1587
BPL_CELL_0974,24,13,23.2545,77.4035,Bhojtal Lakefront / Water Buffer,30.87,0.515,13.8,68.5,3.7,Alluvial,1085.6,42.5,0.0985,Low Vulnerability,1554
BPL_CELL_0975,24,14,23.2545,77.4045,TT Nagar / New Market Urban Center,38.12,0.228,58.1,24.1,11.9,Clay Loam,1080.0,42.5,0.5732,High Vulnerability,1013
BPL_CELL_0976,24,15,23.2545,77.4055,TT Nagar / New Market Urban Center,41.29,0.262,55.5,23.2,14.5,Clay Loam,1120.4,42.5,0.6146,High Vulnerability,831
BPL_CELL_0977,24,16,23.2545,77.4065,TT Nagar / New Market Urban Center,40.03,0.178,59.5,26.8,13.1,Clay Loam,1077.6,42.5,0.6283,High Vulnerability,745
BPL_CELL_0978,24,17,23.2545,77.4075,TT Nagar / New Market Urban Center,40.7,0.219,60.2,24.3,12.3,Clay Loam,1089.0,42.5,0.632,High Vulnerability,709
BPL_CELL_0979,24,18,23.2545,77.4085,TT Nagar / New Market Urban Center,40.02,0.244,56.0,24.6,11.8,Clay Loam,1094.3,42.5,0.596,High Vulnerability,950
BPL_CELL_0980,24,19,23.2545,77.4095,TT Nagar / New Market Urban Center,42.42,0.203,58.0,22.5,12.6,Clay Loam,1070.3,42.5,0.6686,High Vulnerability,567
BPL_CELL_0981,24,20,23.2545,77.4105,TT Nagar / New Market Urban Center,40.32,0.138,55.3,29.1,11.7,Clay Loam,1126.6,42.5,0.6328,High Vulnerability,702
BPL_CELL_0982,24,21,23.2545,77.4115,TT Nagar / New Market Urban Center,40.62,0.259,57.4,27.3,13.2,Clay Loam,1124.4,42.5,0.6002,High Vulnerability,924
BPL_CELL_0983,24,22,23.2545,77.4125,TT Nagar / New Market Urban Center,39.21,0.236,57.1,18.6,13.0,Clay Loam,1088.5,42.5,0.5992,High Vulnerability,933
BPL_CELL_0984,24,23,23.2545,77.4135,TT Nagar / New Market Urban Center,41.37,0.173,61.9,23.8,12.5,Clay Loam,1073.3,42.5,0.6692,High Vulnerability,565
BPL_CELL_0985,24,24,23.2545,77.4145,TT Nagar / New Market Urban Center,39.75,0.189,59.4,31.9,12.4,Clay Loam,1102.3,42.5,0.6079,High Vulnerability,881
BPL_CELL_0986,24,25,23.2545,77.4155,TT Nagar / New Market Urban Center,40.69,0.178,59.8,28.1,12.9,Clay Loam,1081.7,42.5,0.6392,High Vulnerability,656
BPL_CELL_0987,24,26,23.2545,77.4165,TT Nagar / New Market Urban Center,39.99,0.257,65.2,22.7,12.1,Clay Loam,1121.2,42.5,0.6212,High Vulnerability,784
BPL_CELL_0988,24,27,23.2545,77.4175,TT Nagar / New Market Urban Center,40.89,0.2,60.5,24.4,13.1,Clay Loam,1128.7,42.5,0.6439,High Vulnerability,628
BPL_CELL_0989,24,28,23.2545,77.4185,TT Nagar / New Market Urban Center,40.77,0.211,57.5,21.8,13.8,Clay Loam,1087.3,42.5,0.6337,High Vulnerability,695
BPL_CELL_0990,24,29,23.2545,77.4195,TT Nagar / New Market Urban Center,40.42,0.247,49.3,19.3,13.2,Clay Loam,1078.4,42.5,0.5937,High Vulnerability,965
BPL_CELL_0991,24,30,23.2545,77.4205,TT Nagar / New Market Urban Center,40.17,0.213,59.0,28.3,14.0,Clay Loam,1074.0,42.5,0.6125,High Vulnerability,849
BPL_CELL_0992,24,31,23.2545,77.4215,TT Nagar / New Market Urban Center,38.54,0.269,56.5,27.6,12.8,Clay Loam,1124.9,42.5,0.553,High Vulnerability,1022
BPL_CELL_0993,24,32,23.2545,77.4225,TT Nagar / New Market Urban Center,39.51,0.24,56.5,20.1,12.7,Clay Loam,1092.9,42.5,0.5985,High Vulnerability,940
BPL_CELL_0994,24,33,23.2545,77.4235,TT Nagar / New Market Urban Center,40.94,0.212,57.7,27.6,11.1,Clay Loam,1088.2,42.5,0.6253,High Vulnerability,761
BPL_CELL_0995,24,34,23.2545,77.4245,TT Nagar / New Market Urban Center,39.56,0.208,58.2,25.0,12.2,Clay Loam,1120.1,42.5,0.6072,High Vulnerability,890
BPL_CELL_0996,24,35,23.2545,77.4255,TT Nagar / New Market Urban Center,42.74,0.177,58.9,27.4,11.9,Clay Loam,1099.5,42.5,0.6778,High Vulnerability,559
BPL_CELL_0997,24,36,23.2545,77.4265,TT Nagar / New Market Urban Center,40.24,0.199,60.1,26.6,12.7,Clay Loam,1114.7,42.5,0.6262,High Vulnerability,754
BPL_CELL_0998,24,37,23.2545,77.4275,TT Nagar / New Market Urban Center,40.49,0.186,55.8,27.9,11.6,Clay Loam,1098.6,42.5,0.6208,High Vulnerability,788
BPL_CELL_0999,24,38,23.2545,77.4285,TT Nagar / New Market Urban Center,40.34,0.206,53.4,24.7,12.7,Clay Loam,1073.5,42.5,0.6095,High Vulnerability,866
BPL_CELL_1000,24,39,23.2545,77.4295,TT Nagar / New Market Urban Center,40.06,0.194,64.5,26.2,12.8,Clay Loam,1086.4,42.5,0.6385,High Vulnerability,663
BPL_CELL_1001,25,0,23.2555,77.3905,Bhojtal Lakefront / Water Buffer,30.76,0.552,10.2,70.0,2.4,Alluvial,1100.8,42.5,0.0679,Low Vulnerability,1598
BPL_CELL_1002,25,1,23.2555,77.3915,Bhojtal Lakefront / Water Buffer,32.11,0.522,9.8,72.2,4.9,Alluvial,1102.6,42.5,0.1001,Low Vulnerability,1545
BPL_CELL_1003,25,2,23.2555,77.3925,Bhojtal Lakefront / Water Buffer,33.67,0.48,10.8,65.7,3.7,Alluvial,1075.8,42.5,0.1631,Low Vulnerability,1282
BPL_CELL_1004,25,3,23.2555,77.3935,Bhojtal Lakefront / Water Buffer,31.24,0.471,8.9,71.6,4.3,Alluvial,1092.4,42.5,0.1024,Low Vulnerability,1539
BPL_CELL_1005,25,4,23.2555,77.3945,Bhojtal Lakefront / Water Buffer,31.68,0.523,13.4,67.3,4.5,Alluvial,1081.3,42.5,0.1121,Low Vulnerability,1493
BPL_CELL_1006,25,5,23.2555,77.3955,Bhojtal Lakefront / Water Buffer,33.03,0.553,9.1,69.8,3.3,Alluvial,1101.9,42.5,0.1083,Low Vulnerability,1511
BPL_CELL_1007,25,6,23.2555,77.3965,Bhojtal Lakefront / Water Buffer,31.06,0.504,14.9,70.2,5.5,Alluvial,1125.4,42.5,0.1063,Low Vulnerability,1520
BPL_CELL_1008,25,7,23.2555,77.3975,Bhojtal Lakefront / Water Buffer,33.27,0.494,12.4,64.4,5.3,Alluvial,1123.4,42.5,0.1572,Low Vulnerability,1289
BPL_CELL_1009,25,8,23.2555,77.3985,Bhojtal Lakefront / Water Buffer,31.25,0.491,9.0,72.0,5.6,Alluvial,1083.3,42.5,0.094,Low Vulnerability,1566
BPL_CELL_1010,25,9,23.2555,77.3995,Bhojtal Lakefront / Water Buffer,32.8,0.53,10.5,68.2,4.6,Alluvial,1077.8,42.5,0.1204,Low Vulnerability,1458
BPL_CELL_1011,25,10,23.2555,77.4005,Bhojtal Lakefront / Water Buffer,33.71,0.542,12.3,66.8,4.4,Alluvial,1072.6,42.5,0.1413,Low Vulnerability,1350
BPL_CELL_1012,25,11,23.2555,77.4015,Bhojtal Lakefront / Water Buffer,31.0,0.561,15.9,67.0,4.2,Alluvial,1077.1,42.5,0.0919,Low Vulnerability,1571
BPL_CELL_1013,25,12,23.2555,77.4025,Bhojtal Lakefront / Water Buffer,32.49,0.531,9.1,63.6,4.6,Alluvial,1082.3,42.5,0.1194,Low Vulnerability,1466
BPL_CELL_1014,25,13,23.2555,77.4035,Bhojtal Lakefront / Water Buffer,30.52,0.536,10.7,67.2,4.5,Alluvial,1120.8,42.5,0.0769,Low Vulnerability,1589
BPL_CELL_1015,25,14,23.2555,77.4045,TT Nagar / New Market Urban Center,42.55,0.194,56.8,26.4,11.1,Clay Loam,1084.5,42.5,0.6632,High Vulnerability,580
BPL_CELL_1016,25,15,23.2555,77.4055,TT Nagar / New Market Urban Center,40.49,0.208,57.3,24.6,12.3,Clay Loam,1083.0,42.5,0.6232,High Vulnerability,771
BPL_CELL_1017,25,16,23.2555,77.4065,TT Nagar / New Market Urban Center,40.76,0.243,61.5,22.8,12.8,Clay Loam,1082.8,42.5,0.6305,High Vulnerability,724
BPL_CELL_1018,25,17,23.2555,77.4075,TT Nagar / New Market Urban Center,40.43,0.173,57.9,22.3,13.2,Clay Loam,1096.4,42.5,0.6425,High Vulnerability,632
BPL_CELL_1019,25,18,23.2555,77.4085,TT Nagar / New Market Urban Center,41.05,0.215,55.9,27.3,12.5,Clay Loam,1076.8,42.5,0.6216,High Vulnerability,780
BPL_CELL_1020,25,19,23.2555,77.4095,TT Nagar / New Market Urban Center,41.13,0.235,57.8,26.2,12.7,Clay Loam,1115.7,42.5,0.623,High Vulnerability,773
BPL_CELL_1021,25,20,23.2555,77.4105,TT Nagar / New Market Urban Center,40.18,0.183,61.0,25.7,12.9,Clay Loam,1106.0,42.5,0.6359,High Vulnerability,681
BPL_CELL_1022,25,21,23.2555,77.4115,TT Nagar / New Market Urban Center,40.99,0.189,66.9,21.4,12.8,Clay Loam,1087.4,42.5,0.6752,High Vulnerability,560
BPL_CELL_1023,25,22,23.2555,77.4125,TT Nagar / New Market Urban Center,40.86,0.205,64.1,27.4,11.2,Clay Loam,1080.8,42.5,0.6458,High Vulnerability,617
BPL_CELL_1024,25,23,23.2555,77.4135,TT Nagar / New Market Urban Center,40.71,0.255,58.0,27.5,12.9,Clay Loam,1109.5,42.5,0.6048,High Vulnerability,901
BPL_CELL_1025,25,24,23.2555,77.4145,TT Nagar / New Market Urban Center,40.93,0.228,54.2,27.3,13.9,Clay Loam,1128.7,42.5,0.6091,High Vulnerability,869
BPL_CELL_1026,25,25,23.2555,77.4155,TT Nagar / New Market Urban Center,41.72,0.295,61.8,22.9,13.3,Clay Loam,1129.4,42.5,0.6289,High Vulnerability,737
BPL_CELL_1027,25,26,23.2555,77.4165,TT Nagar / New Market Urban Center,41.73,0.26,57.6,22.6,12.2,Clay Loam,1086.4,42.5,0.6313,High Vulnerability,716
BPL_CELL_1028,25,27,23.2555,77.4175,TT Nagar / New Market Urban Center,39.34,0.231,53.1,22.2,12.9,Clay Loam,1106.2,42.5,0.5846,High Vulnerability,1001
BPL_CELL_1029,25,28,23.2555,77.4185,TT Nagar / New Market Urban Center,39.65,0.24,56.9,30.0,12.9,Clay Loam,1099.8,42.5,0.5821,High Vulnerability,1004
BPL_CELL_1030,25,29,23.2555,77.4195,TT Nagar / New Market Urban Center,40.93,0.209,56.6,25.8,12.6,Clay Loam,1074.1,42.5,0.6268,High Vulnerability,751
BPL_CELL_1031,25,30,23.2555,77.4205,TT Nagar / New Market Urban Center,39.45,0.148,54.1,28.0,13.0,Clay Loam,1075.8,42.5,0.6108,High Vulnerability,859
BPL_CELL_1032,25,31,23.2555,77.4215,TT Nagar / New Market Urban Center,41.53,0.264,60.7,25.6,11.0,Clay Loam,1082.1,42.5,0.6288,High Vulnerability,739
BPL_CELL_1033,25,32,23.2555,77.4225,TT Nagar / New Market Urban Center,39.95,0.19,57.8,27.7,13.0,Clay Loam,1127.2,42.5,0.6152,High Vulnerability,828
BPL_CELL_1034,25,33,23.2555,77.4235,TT Nagar / New Market Urban Center,39.63,0.251,58.7,27.5,12.0,Clay Loam,1088.9,42.5,0.5878,High Vulnerability,990
BPL_CELL_1035,25,34,23.2555,77.4245,TT Nagar / New Market Urban Center,39.79,0.243,62.4,25.8,12.8,Clay Loam,1112.4,42.5,0.6084,High Vulnerability,875
BPL_CELL_1036,25,35,23.2555,77.4255,TT Nagar / New Market Urban Center,39.91,0.204,58.1,24.3,11.5,Clay Loam,1076.6,42.5,0.6167,High Vulnerability,814
BPL_CELL_1037,25,36,23.2555,77.4265,TT Nagar / New Market Urban Center,39.9,0.181,56.2,21.4,10.8,Clay Loam,1100.4,42.5,0.626,High Vulnerability,755
BPL_CELL_1038,25,37,23.2555,77.4275,TT Nagar / New Market Urban Center,40.77,0.193,60.6,29.1,12.2,Clay Loam,1091.2,42.5,0.6351,High Vulnerability,688
BPL_CELL_1039,25,38,23.2555,77.4285,TT Nagar / New Market Urban Center,41.28,0.216,59.0,25.2,12.8,Clay Loam,1114.5,42.5,0.639,High Vulnerability,658
BPL_CELL_1040,25,39,23.2555,77.4295,TT Nagar / New Market Urban Center,39.79,0.282,59.2,24.3,12.7,Clay Loam,1090.7,42.5,0.5865,High Vulnerability,996
BPL_CELL_1041,26,0,23.2565,77.3905,Bhojtal Lakefront / Water Buffer,31.98,0.542,10.6,66.1,3.6,Alluvial,1124.6,42.5,0.1045,Low Vulnerability,1528
BPL_CELL_1042,26,1,23.2565,77.3915,Bhojtal Lakefront / Water Buffer,31.53,0.543,13.2,67.7,4.3,Alluvial,1089.6,42.5,0.0998,Low Vulnerability,1547
BPL_CELL_1043,26,2,23.2565,77.3925,Bhojtal Lakefront / Water Buffer,30.76,0.535,5.1,65.3,4.1,Alluvial,1105.3,42.5,0.0693,Low Vulnerability,1595
BPL_CELL_1044,26,3,23.2565,77.3935,Bhojtal Lakefront / Water Buffer,33.88,0.549,11.7,65.0,4.9,Alluvial,1118.5,42.5,0.1436,Low Vulnerability,1341
BPL_CELL_1045,26,4,23.2565,77.3945,Bhojtal Lakefront / Water Buffer,33.59,0.546,9.9,71.0,4.3,Alluvial,1106.9,42.5,0.1217,Low Vulnerability,1449
BPL_CELL_1046,26,5,23.2565,77.3955,Bhojtal Lakefront / Water Buffer,31.68,0.499,14.8,62.2,4.2,Alluvial,1117.2,42.5,0.1362,Low Vulnerability,1381
BPL_CELL_1047,26,6,23.2565,77.3965,Bhojtal Lakefront / Water Buffer,33.1,0.489,11.7,68.9,5.0,Alluvial,1083.6,42.5,0.1446,Low Vulnerability,1332
BPL_CELL_1048,26,7,23.2565,77.3975,Bhojtal Lakefront / Water Buffer,32.48,0.519,10.5,68.7,3.9,Alluvial,1090.2,42.5,0.1176,Low Vulnerability,1472
BPL_CELL_1049,26,8,23.2565,77.3985,Bhojtal Lakefront / Water Buffer,33.98,0.542,9.6,68.3,4.5,Alluvial,1088.1,42.5,0.1354,Low Vulnerability,1384
BPL_CELL_1050,26,9,23.2565,77.3995,Bhojtal Lakefront / Water Buffer,31.25,0.531,8.5,66.1,4.1,Alluvial,1094.1,42.5,0.0887,Low Vulnerability,1574
BPL_CELL_1051,26,10,23.2565,77.4005,Bhojtal Lakefront / Water Buffer,31.8,0.497,12.2,66.1,5.4,Alluvial,1121.8,42.5,0.1237,Low Vulnerability,1438
BPL_CELL_1052,26,11,23.2565,77.4015,Bhojtal Lakefront / Water Buffer,32.66,0.502,10.9,72.8,3.9,Alluvial,1098.0,42.5,0.1207,Low Vulnerability,1455
BPL_CELL_1053,26,12,23.2565,77.4025,Bhojtal Lakefront / Water Buffer,33.52,0.506,7.5,64.6,3.3,Alluvial,1107.6,42.5,0.1424,Low Vulnerability,1344
BPL_CELL_1054,26,13,23.2565,77.4035,Bhojtal Lakefront / Water Buffer,32.97,0.492,11.5,69.0,4.6,Alluvial,1111.1,42.5,0.1401,Low Vulnerability,1356
BPL_CELL_1055,26,14,23.2565,77.4045,Old Bhopal (Chowk / Shahjahanabad),44.5,0.11,75.7,16.3,17.0,Deep Black Clay (Vertisol),1094.7,42.5,0.8104,Extreme Hotspot,528
BPL_CELL_1056,26,15,23.2565,77.4055,Old Bhopal (Chowk / Shahjahanabad),45.04,0.099,74.0,11.0,17.6,Deep Black Clay (Vertisol),1094.4,42.5,0.831,Extreme Hotspot,466
BPL_CELL_1057,26,16,23.2565,77.4065,Old Bhopal (Chowk / Shahjahanabad),45.24,0.093,78.7,16.3,15.5,Deep Black Clay (Vertisol),1096.2,42.5,0.8402,Extreme Hotspot,411
BPL_CELL_1058,26,17,23.2565,77.4075,Old Bhopal (Chowk / Shahjahanabad),45.06,0.075,77.7,12.1,16.9,Deep Black Clay (Vertisol),1085.5,42.5,0.8495,Extreme Hotspot,356
BPL_CELL_1059,26,18,23.2565,77.4085,Old Bhopal (Chowk / Shahjahanabad),45.24,0.038,81.6,13.4,17.4,Deep Black Clay (Vertisol),1071.2,42.5,0.8766,Extreme Hotspot,175
BPL_CELL_1060,26,19,23.2565,77.4095,Old Bhopal (Chowk / Shahjahanabad),44.57,0.088,77.4,6.4,15.5,Deep Black Clay (Vertisol),1124.0,42.5,0.8457,Extreme Hotspot,377
BPL_CELL_1061,26,20,23.2565,77.4105,Old Bhopal (Chowk / Shahjahanabad),44.09,0.096,77.7,10.1,17.7,Deep Black Clay (Vertisol),1078.4,42.5,0.8267,Extreme Hotspot,486
BPL_CELL_1062,26,21,23.2565,77.4115,Old Bhopal (Chowk / Shahjahanabad),44.29,0.117,82.2,12.8,16.1,Deep Black Clay (Vertisol),1119.7,42.5,0.8298,Extreme Hotspot,474
BPL_CELL_1063,26,22,23.2565,77.4125,Old Bhopal (Chowk / Shahjahanabad),46.78,0.058,78.4,16.6,16.5,Deep Black Clay (Vertisol),1118.4,42.5,0.8822,Extreme Hotspot,149
BPL_CELL_1064,26,23,23.2565,77.4135,Old Bhopal (Chowk / Shahjahanabad),45.26,0.061,82.6,7.4,17.3,Deep Black Clay (Vertisol),1084.2,42.5,0.883,Extreme Hotspot,147
BPL_CELL_1065,26,24,23.2565,77.4145,Old Bhopal (Chowk / Shahjahanabad),44.36,0.088,82.7,12.3,15.9,Deep Black Clay (Vertisol),1105.4,42.5,0.8452,Extreme Hotspot,380
BPL_CELL_1066,26,25,23.2565,77.4155,Old Bhopal (Chowk / Shahjahanabad),45.06,0.051,78.7,13.7,16.3,Deep Black Clay (Vertisol),1095.4,42.5,0.8588,Extreme Hotspot,297
BPL_CELL_1067,26,26,23.2565,77.4165,Old Bhopal (Chowk / Shahjahanabad),43.85,0.01,84.5,6.4,15.7,Deep Black Clay (Vertisol),1119.3,42.5,0.8839,Extreme Hotspot,139
BPL_CELL_1068,26,27,23.2565,77.4175,Old Bhopal (Chowk / Shahjahanabad),45.88,0.158,79.7,6.7,15.6,Deep Black Clay (Vertisol),1109.7,42.5,0.8491,Extreme Hotspot,357
BPL_CELL_1069,26,28,23.2565,77.4185,Old Bhopal (Chowk / Shahjahanabad),46.08,0.063,79.1,9.0,15.8,Deep Black Clay (Vertisol),1127.5,42.5,0.8844,Extreme Hotspot,136
BPL_CELL_1070,26,29,23.2565,77.4195,Old Bhopal (Chowk / Shahjahanabad),44.55,0.044,83.4,11.6,17.6,Deep Black Clay (Vertisol),1121.5,42.5,0.8699,Extreme Hotspot,222
BPL_CELL_1071,26,30,23.2565,77.4205,Old Bhopal (Chowk / Shahjahanabad),43.29,0.122,70.9,16.4,16.5,Deep Black Clay (Vertisol),1119.4,42.5,0.768,Extreme Hotspot,556
BPL_CELL_1072,26,31,23.2565,77.4215,Old Bhopal (Chowk / Shahjahanabad),45.19,0.082,80.9,14.1,15.4,Deep Black Clay (Vertisol),1107.9,42.5,0.8546,Extreme Hotspot,320
BPL_CELL_1073,26,32,23.2565,77.4225,Old Bhopal (Chowk / Shahjahanabad),45.92,0.045,77.7,11.6,17.5,Deep Black Clay (Vertisol),1126.4,42.5,0.879,Extreme Hotspot,163
BPL_CELL_1074,26,33,23.2565,77.4235,Old Bhopal (Chowk / Shahjahanabad),43.55,0.05,79.2,13.8,15.4,Deep Black Clay (Vertisol),1122.6,42.5,0.8315,Extreme Hotspot,461
BPL_CELL_1075,26,34,23.2565,77.4245,Old Bhopal (Chowk / Shahjahanabad),45.52,0.029,77.2,7.8,15.9,Deep Black Clay (Vertisol),1118.8,42.5,0.884,Extreme Hotspot,137
BPL_CELL_1076,26,35,23.2565,77.4255,Old Bhopal (Chowk / Shahjahanabad),45.78,0.077,74.7,12.2,16.5,Deep Black Clay (Vertisol),1108.5,42.5,0.8535,Extreme Hotspot,328
BPL_CELL_1077,26,36,23.2565,77.4265,Old Bhopal (Chowk / Shahjahanabad),43.71,0.041,80.8,13.5,16.0,Deep Black Clay (Vertisol),1074.9,42.5,0.8434,Extreme Hotspot,390
BPL_CELL_1078,26,37,23.2565,77.4275,Old Bhopal (Chowk / Shahjahanabad),44.24,0.1,82.0,13.0,16.2,Deep Black Clay (Vertisol),1115.8,42.5,0.8346,Extreme Hotspot,445
BPL_CELL_1079,26,38,23.2565,77.4285,Old Bhopal (Chowk / Shahjahanabad),45.58,0.043,79.3,8.7,15.2,Deep Black Clay (Vertisol),1085.6,42.5,0.8839,Extreme Hotspot,140
BPL_CELL_1080,26,39,23.2565,77.4295,Old Bhopal (Chowk / Shahjahanabad),45.0,0.058,72.4,11.8,16.0,Deep Black Clay (Vertisol),1094.9,42.5,0.8402,Extreme Hotspot,412
BPL_CELL_1081,27,0,23.2575,77.3905,Bhojtal Lakefront / Water Buffer,33.26,0.576,18.8,65.9,4.5,Alluvial,1125.4,42.5,0.14,Low Vulnerability,1357
BPL_CELL_1082,27,1,23.2575,77.3915,Bhojtal Lakefront / Water Buffer,34.66,0.495,8.1,74.8,3.0,Alluvial,1081.9,42.5,0.1495,Low Vulnerability,1310
BPL_CELL_1083,27,2,23.2575,77.3925,Bhojtal Lakefront / Water Buffer,32.34,0.503,9.0,69.8,4.2,Alluvial,1092.1,42.5,0.1147,Low Vulnerability,1483
BPL_CELL_1084,27,3,23.2575,77.3935,Bhojtal Lakefront / Water Buffer,32.89,0.534,11.4,67.4,3.4,Alluvial,1125.2,42.5,0.1248,Low Vulnerability,1435
BPL_CELL_1085,27,4,23.2575,77.3945,Bhojtal Lakefront / Water Buffer,31.21,0.533,16.1,71.2,4.8,Alluvial,1116.9,42.5,0.099,Low Vulnerability,1549
BPL_CELL_1086,27,5,23.2575,77.3955,Bhojtal Lakefront / Water Buffer,34.17,0.512,16.0,72.0,5.4,Alluvial,1106.0,42.5,0.1623,Low Vulnerability,1283
BPL_CELL_1087,27,6,23.2575,77.3965,Bhojtal Lakefront / Water Buffer,33.23,0.519,10.4,65.2,3.8,Alluvial,1087.4,42.5,0.1389,Low Vulnerability,1364
BPL_CELL_1088,27,7,23.2575,77.3975,Bhojtal Lakefront / Water Buffer,32.77,0.517,16.8,70.4,3.8,Alluvial,1111.1,42.5,0.1391,Low Vulnerability,1360
BPL_CELL_1089,27,8,23.2575,77.3985,Bhojtal Lakefront / Water Buffer,32.37,0.521,14.1,70.0,3.8,Alluvial,1112.8,42.5,0.1227,Low Vulnerability,1442
BPL_CELL_1090,27,9,23.2575,77.3995,Bhojtal Lakefront / Water Buffer,31.22,0.507,6.5,67.9,4.6,Alluvial,1073.5,42.5,0.0881,Low Vulnerability,1575
BPL_CELL_1091,27,10,23.2575,77.4005,Bhojtal Lakefront / Water Buffer,32.17,0.539,21.9,62.5,6.1,Alluvial,1105.9,42.5,0.1499,Low Vulnerability,1308
BPL_CELL_1092,27,11,23.2575,77.4015,Bhojtal Lakefront / Water Buffer,31.62,0.52,10.9,67.9,5.3,Alluvial,1088.2,42.5,0.1036,Low Vulnerability,1533
BPL_CELL_1093,27,12,23.2575,77.4025,Bhojtal Lakefront / Water Buffer,31.82,0.538,16.4,67.2,3.7,Alluvial,1100.2,42.5,0.1178,Low Vulnerability,1470
BPL_CELL_1094,27,13,23.2575,77.4035,Bhojtal Lakefront / Water Buffer,32.16,0.576,9.0,69.8,4.7,Alluvial,1101.8,42.5,0.0821,Low Vulnerability,1586
BPL_CELL_1095,27,14,23.2575,77.4045,Old Bhopal (Chowk / Shahjahanabad),45.08,0.092,80.3,11.6,17.6,Deep Black Clay (Vertisol),1114.9,42.5,0.8518,Extreme Hotspot,343
BPL_CELL_1096,27,15,23.2575,77.4055,Old Bhopal (Chowk / Shahjahanabad),43.57,0.102,77.2,14.2,15.7,Deep Black Clay (Vertisol),1115.7,42.5,0.8044,Extreme Hotspot,538
BPL_CELL_1097,27,16,23.2575,77.4065,Old Bhopal (Chowk / Shahjahanabad),44.73,0.106,80.9,9.6,17.9,Deep Black Clay (Vertisol),1079.1,42.5,0.8454,Extreme Hotspot,378
BPL_CELL_1098,27,17,23.2575,77.4075,Old Bhopal (Chowk / Shahjahanabad),44.75,0.106,74.4,11.5,16.2,Deep Black Clay (Vertisol),1078.9,42.5,0.8228,Extreme Hotspot,504
BPL_CELL_1099,27,18,23.2575,77.4085,Old Bhopal (Chowk / Shahjahanabad),44.83,0.088,78.1,15.9,14.1,Deep Black Clay (Vertisol),1125.6,42.5,0.8333,Extreme Hotspot,452
BPL_CELL_1100,27,19,23.2575,77.4095,Old Bhopal (Chowk / Shahjahanabad),45.94,0.107,79.3,10.3,15.6,Deep Black Clay (Vertisol),1099.6,42.5,0.8621,Extreme Hotspot,276
BPL_CELL_1101,27,20,23.2575,77.4105,Old Bhopal (Chowk / Shahjahanabad),45.82,0.03,79.6,12.1,16.8,Deep Black Clay (Vertisol),1080.1,42.5,0.8877,Extreme Hotspot,118
BPL_CELL_1102,27,21,23.2575,77.4115,Old Bhopal (Chowk / Shahjahanabad),44.38,0.056,78.3,14.3,15.8,Deep Black Clay (Vertisol),1105.0,42.5,0.8413,Extreme Hotspot,402
BPL_CELL_1103,27,22,23.2575,77.4125,Old Bhopal (Chowk / Shahjahanabad),45.88,0.073,75.2,9.9,17.7,Deep Black Clay (Vertisol),1110.6,42.5,0.8632,Extreme Hotspot,266
BPL_CELL_1104,27,23,23.2575,77.4135,Old Bhopal (Chowk / Shahjahanabad),45.51,0.085,78.0,9.3,15.4,Deep Black Clay (Vertisol),1093.7,42.5,0.8608,Extreme Hotspot,280
BPL_CELL_1105,27,24,23.2575,77.4145,Old Bhopal (Chowk / Shahjahanabad),42.93,0.04,79.6,9.7,17.8,Deep Black Clay (Vertisol),1109.6,42.5,0.8331,Extreme Hotspot,453
BPL_CELL_1106,27,25,23.2575,77.4155,Old Bhopal (Chowk / Shahjahanabad),45.63,0.008,81.0,10.9,16.5,Deep Black Clay (Vertisol),1128.2,42.5,0.8994,Extreme Hotspot,71
BPL_CELL_1107,27,26,23.2575,77.4165,Old Bhopal (Chowk / Shahjahanabad),43.57,0.019,75.9,15.5,16.3,Deep Black Clay (Vertisol),1104.1,42.5,0.831,Extreme Hotspot,467
BPL_CELL_1108,27,27,23.2575,77.4175,Old Bhopal (Chowk / Shahjahanabad),42.55,0.082,79.6,9.6,15.9,Deep Black Clay (Vertisol),1073.3,42.5,0.8093,Extreme Hotspot,531
BPL_CELL_1109,27,28,23.2575,77.4185,Old Bhopal (Chowk / Shahjahanabad),46.8,0.112,75.9,13.3,17.4,Deep Black Clay (Vertisol),1121.9,42.5,0.8604,Extreme Hotspot,285
BPL_CELL_1110,27,29,23.2575,77.4195,Old Bhopal (Chowk / Shahjahanabad),46.9,0.13,82.1,12.9,17.7,Deep Black Clay (Vertisol),1087.1,42.5,0.8742,Extreme Hotspot,191
BPL_CELL_1111,27,30,23.2575,77.4205,Old Bhopal (Chowk / Shahjahanabad),44.82,0.036,81.5,13.5,15.2,Deep Black Clay (Vertisol),1088.6,42.5,0.8688,Extreme Hotspot,229
BPL_CELL_1112,27,31,23.2575,77.4215,Old Bhopal (Chowk / Shahjahanabad),45.47,0.074,76.8,8.3,15.2,Deep Black Clay (Vertisol),1100.8,42.5,0.8629,Extreme Hotspot,269
BPL_CELL_1113,27,32,23.2575,77.4225,Old Bhopal (Chowk / Shahjahanabad),42.93,0.084,74.0,11.8,15.3,Deep Black Clay (Vertisol),1118.7,42.5,0.7948,Extreme Hotspot,551
BPL_CELL_1114,27,33,23.2575,77.4235,Old Bhopal (Chowk / Shahjahanabad),45.5,0.056,76.1,10.4,16.6,Deep Black Clay (Vertisol),1090.5,42.5,0.8643,Extreme Hotspot,257
BPL_CELL_1115,27,34,23.2575,77.4245,Old Bhopal (Chowk / Shahjahanabad),44.18,0.085,77.7,9.6,15.4,Deep Black Clay (Vertisol),1101.5,42.5,0.8338,Extreme Hotspot,449
BPL_CELL_1116,27,35,23.2575,77.4255,Old Bhopal (Chowk / Shahjahanabad),44.84,0.072,82.1,12.9,16.0,Deep Black Clay (Vertisol),1078.9,42.5,0.8578,Extreme Hotspot,308
BPL_CELL_1117,27,36,23.2575,77.4265,Old Bhopal (Chowk / Shahjahanabad),46.15,0.127,80.8,8.1,16.4,Deep Black Clay (Vertisol),1074.6,42.5,0.867,Extreme Hotspot,241
BPL_CELL_1118,27,37,23.2575,77.4275,Old Bhopal (Chowk / Shahjahanabad),45.07,0.094,79.0,10.0,16.7,Deep Black Clay (Vertisol),1109.7,42.5,0.8503,Extreme Hotspot,349
BPL_CELL_1119,27,38,23.2575,77.4285,Old Bhopal (Chowk / Shahjahanabad),44.17,0.07,78.5,12.4,16.1,Deep Black Clay (Vertisol),1109.7,42.5,0.8362,Extreme Hotspot,433
BPL_CELL_1120,27,39,23.2575,77.4295,Old Bhopal (Chowk / Shahjahanabad),44.79,0.088,80.5,10.2,16.7,Deep Black Clay (Vertisol),1122.6,42.5,0.8513,Extreme Hotspot,346
BPL_CELL_1121,28,0,23.2585,77.3905,Bhojtal Lakefront / Water Buffer,32.15,0.558,7.0,69.2,3.8,Alluvial,1128.0,42.5,0.0844,Low Vulnerability,1582
BPL_CELL_1122,28,1,23.2585,77.3915,Bhojtal Lakefront / Water Buffer,32.0,0.533,10.4,70.0,5.4,Alluvial,1106.2,42.5,0.0999,Low Vulnerability,1546
BPL_CELL_1123,28,2,23.2585,77.3925,Bhojtal Lakefront / Water Buffer,32.8,0.51,11.6,67.9,4.6,Alluvial,1098.6,42.5,0.1322,Low Vulnerability,1398
BPL_CELL_1124,28,3,23.2585,77.3935,Bhojtal Lakefront / Water Buffer,32.87,0.498,5.4,72.0,4.0,Alluvial,1099.2,42.5,0.1117,Low Vulnerability,1497
BPL_CELL_1125,28,4,23.2585,77.3945,Bhojtal Lakefront / Water Buffer,30.71,0.465,8.6,71.4,3.9,Alluvial,1088.2,42.5,0.0941,Low Vulnerability,1565
BPL_CELL_1126,28,5,23.2585,77.3955,Bhojtal Lakefront / Water Buffer,31.66,0.524,12.4,68.4,4.3,Alluvial,1128.2,42.5,0.1061,Low Vulnerability,1522
BPL_CELL_1127,28,6,23.2585,77.3965,Bhojtal Lakefront / Water Buffer,32.89,0.504,9.0,64.5,3.2,Alluvial,1117.4,42.5,0.1357,Low Vulnerability,1383
BPL_CELL_1128,28,7,23.2585,77.3975,Bhojtal Lakefront / Water Buffer,33.0,0.529,14.8,64.7,4.4,Alluvial,1071.3,42.5,0.1445,Low Vulnerability,1333
BPL_CELL_1129,28,8,23.2585,77.3985,Bhojtal Lakefront / Water Buffer,32.76,0.535,9.4,60.6,2.6,Alluvial,1105.1,42.5,0.13,Low Vulnerability,1407
BPL_CELL_1130,28,9,23.2585,77.3995,Bhojtal Lakefront / Water Buffer,32.82,0.532,16.3,68.5,4.0,Alluvial,1070.5,42.5,0.1365,Low Vulnerability,1378
BPL_CELL_1131,28,10,23.2585,77.4005,Bhojtal Lakefront / Water Buffer,31.53,0.485,18.7,67.3,4.1,Alluvial,1103.3,42.5,0.14,Low Vulnerability,1358
BPL_CELL_1132,28,11,23.2585,77.4015,Bhojtal Lakefront / Water Buffer,31.29,0.511,15.9,64.0,4.3,Alluvial,1106.7,42.5,0.1235,Low Vulnerability,1440
BPL_CELL_1133,28,12,23.2585,77.4025,Bhojtal Lakefront / Water Buffer,31.78,0.47,6.5,68.4,3.4,Alluvial,1089.0,42.5,0.1126,Low Vulnerability,1492
BPL_CELL_1134,28,13,23.2585,77.4035,Bhojtal Lakefront / Water Buffer,32.33,0.578,14.9,65.1,4.7,Alluvial,1099.7,42.5,0.1116,Low Vulnerability,1499
BPL_CELL_1135,28,14,23.2585,77.4045,Old Bhopal (Chowk / Shahjahanabad),45.57,0.07,78.3,10.6,16.4,Deep Black Clay (Vertisol),1090.6,42.5,0.8662,Extreme Hotspot,245
BPL_CELL_1136,28,15,23.2585,77.4055,Old Bhopal (Chowk / Shahjahanabad),45.37,0.082,80.9,13.5,16.1,Deep Black Clay (Vertisol),1106.1,42.5,0.8592,Extreme Hotspot,296
BPL_CELL_1137,28,16,23.2585,77.4065,Old Bhopal (Chowk / Shahjahanabad),45.52,0.043,80.5,13.0,16.0,Deep Black Clay (Vertisol),1120.0,42.5,0.8775,Extreme Hotspot,168
BPL_CELL_1138,28,17,23.2585,77.4075,Old Bhopal (Chowk / Shahjahanabad),42.59,0.057,73.5,12.7,15.1,Deep Black Clay (Vertisol),1120.7,42.5,0.7957,Extreme Hotspot,548
BPL_CELL_1139,28,18,23.2585,77.4085,Old Bhopal (Chowk / Shahjahanabad),44.27,0.063,78.5,6.8,16.9,Deep Black Clay (Vertisol),1106.3,42.5,0.8524,Extreme Hotspot,339
BPL_CELL_1140,28,19,23.2585,77.4095,Old Bhopal (Chowk / Shahjahanabad),45.24,0.105,80.7,13.8,16.5,Deep Black Clay (Vertisol),1082.6,42.5,0.8464,Extreme Hotspot,373
BPL_CELL_1141,28,20,23.2585,77.4105,Old Bhopal (Chowk / Shahjahanabad),44.96,0.082,80.9,9.3,17.3,Deep Black Clay (Vertisol),1123.7,42.5,0.86,Extreme Hotspot,290
BPL_CELL_1142,28,21,23.2585,77.4115,Old Bhopal (Chowk / Shahjahanabad),46.22,0.091,78.8,7.4,17.0,Deep Black Clay (Vertisol),1077.2,42.5,0.8783,Extreme Hotspot,165
BPL_CELL_1143,28,22,23.2585,77.4125,Old Bhopal (Chowk / Shahjahanabad),44.91,0.103,76.7,13.6,18.1,Deep Black Clay (Vertisol),1086.0,42.5,0.8295,Extreme Hotspot,476
BPL_CELL_1144,28,23,23.2585,77.4135,Old Bhopal (Chowk / Shahjahanabad),45.33,0.107,82.9,6.8,16.4,Deep Black Clay (Vertisol),1112.4,42.5,0.8681,Extreme Hotspot,234
BPL_CELL_1145,28,24,23.2585,77.4145,Old Bhopal (Chowk / Shahjahanabad),45.67,0.066,72.0,12.7,16.8,Deep Black Clay (Vertisol),1106.6,42.5,0.8468,Extreme Hotspot,370
BPL_CELL_1146,28,25,23.2585,77.4155,Old Bhopal (Chowk / Shahjahanabad),45.07,0.095,70.2,11.6,16.3,Deep Black Clay (Vertisol),1076.3,42.5,0.8207,Extreme Hotspot,511
BPL_CELL_1147,28,26,23.2585,77.4165,Old Bhopal (Chowk / Shahjahanabad),43.55,0.036,80.2,10.3,16.3,Deep Black Clay (Vertisol),1100.4,42.5,0.8472,Extreme Hotspot,367
BPL_CELL_1148,28,27,23.2585,77.4175,Old Bhopal (Chowk / Shahjahanabad),45.74,0.078,76.9,9.6,15.9,Deep Black Clay (Vertisol),1078.3,42.5,0.8642,Extreme Hotspot,260
BPL_CELL_1149,28,28,23.2585,77.4185,Old Bhopal (Chowk / Shahjahanabad),45.36,0.054,73.3,13.8,16.5,Deep Black Clay (Vertisol),1090.5,42.5,0.8473,Extreme Hotspot,365
BPL_CELL_1150,28,29,23.2585,77.4195,Old Bhopal (Chowk / Shahjahanabad),46.44,0.067,78.5,7.7,17.5,Deep Black Clay (Vertisol),1091.6,42.5,0.8906,Extreme Hotspot,109
BPL_CELL_1151,28,30,23.2585,77.4205,Old Bhopal (Chowk / Shahjahanabad),44.54,0.065,78.6,8.1,16.7,Deep Black Clay (Vertisol),1094.8,42.5,0.8544,Extreme Hotspot,321
BPL_CELL_1152,28,31,23.2585,77.4215,Old Bhopal (Chowk / Shahjahanabad),46.4,0.052,80.6,14.4,15.4,Deep Black Clay (Vertisol),1091.7,42.5,0.8883,Extreme Hotspot,117
BPL_CELL_1153,28,32,23.2585,77.4225,Old Bhopal (Chowk / Shahjahanabad),45.3,0.083,84.8,10.2,16.8,Deep Black Clay (Vertisol),1088.9,42.5,0.8757,Extreme Hotspot,182
BPL_CELL_1154,28,33,23.2585,77.4235,Old Bhopal (Chowk / Shahjahanabad),44.67,0.098,78.3,15.9,17.0,Deep Black Clay (Vertisol),1109.6,42.5,0.8269,Extreme Hotspot,485
BPL_CELL_1155,28,34,23.2585,77.4245,Old Bhopal (Chowk / Shahjahanabad),43.58,0.03,83.1,11.9,16.2,Deep Black Clay (Vertisol),1101.2,42.5,0.8554,Extreme Hotspot,313
BPL_CELL_1156,28,35,23.2585,77.4255,Old Bhopal (Chowk / Shahjahanabad),43.51,0.071,81.9,9.6,15.6,Deep Black Clay (Vertisol),1088.3,42.5,0.8389,Extreme Hotspot,421
BPL_CELL_1157,28,36,23.2585,77.4265,Old Bhopal (Chowk / Shahjahanabad),44.71,0.014,81.3,11.3,14.7,Deep Black Clay (Vertisol),1112.0,42.5,0.8794,Extreme Hotspot,160
BPL_CELL_1158,28,37,23.2585,77.4275,Old Bhopal (Chowk / Shahjahanabad),44.45,0.061,79.3,6.1,16.1,Deep Black Clay (Vertisol),1109.1,42.5,0.8604,Extreme Hotspot,286
BPL_CELL_1159,28,38,23.2585,77.4285,Old Bhopal (Chowk / Shahjahanabad),44.19,0.021,79.2,8.2,16.7,Deep Black Clay (Vertisol),1072.2,42.5,0.8668,Extreme Hotspot,243
BPL_CELL_1160,28,39,23.2585,77.4295,Old Bhopal (Chowk / Shahjahanabad),45.52,0.056,83.4,11.1,16.1,Deep Black Clay (Vertisol),1129.5,42.5,0.8848,Extreme Hotspot,132
BPL_CELL_1161,29,0,23.2595,77.3905,Bhojtal Lakefront / Water Buffer,32.42,0.533,8.0,66.8,4.2,Alluvial,1071.7,42.5,0.1074,Low Vulnerability,1514
BPL_CELL_1162,29,1,23.2595,77.3915,Bhojtal Lakefront / Water Buffer,31.97,0.532,7.5,68.3,5.6,Alluvial,1113.6,42.5,0.0947,Low Vulnerability,1564
BPL_CELL_1163,29,2,23.2595,77.3925,Bhojtal Lakefront / Water Buffer,32.93,0.519,15.1,69.1,3.7,Alluvial,1072.9,42.5,0.139,Low Vulnerability,1361
BPL_CELL_1164,29,3,23.2595,77.3935,Bhojtal Lakefront / Water Buffer,31.9,0.511,10.5,66.5,5.4,Alluvial,1097.2,42.5,0.1142,Low Vulnerability,1488
BPL_CELL_1165,29,4,23.2595,77.3945,Bhojtal Lakefront / Water Buffer,34.12,0.514,16.5,67.7,5.1,Alluvial,1102.0,42.5,0.1708,Low Vulnerability,1275
BPL_CELL_1166,29,5,23.2595,77.3955,Bhojtal Lakefront / Water Buffer,31.72,0.497,10.2,66.9,5.6,Alluvial,1112.9,42.5,0.1146,Low Vulnerability,1484
BPL_CELL_1167,29,6,23.2595,77.3965,Bhojtal Lakefront / Water Buffer,31.83,0.478,9.4,67.7,3.7,Alluvial,1119.4,42.5,0.1203,Low Vulnerability,1460
BPL_CELL_1168,29,7,23.2595,77.3975,Bhojtal Lakefront / Water Buffer,33.55,0.511,13.2,66.7,2.7,Alluvial,1074.9,42.5,0.1534,Low Vulnerability,1302
BPL_CELL_1169,29,8,23.2595,77.3985,Bhojtal Lakefront / Water Buffer,34.24,0.544,8.2,68.5,3.5,Alluvial,1105.3,42.5,0.1351,Low Vulnerability,1386
BPL_CELL_1170,29,9,23.2595,77.3995,Bhojtal Lakefront / Water Buffer,33.31,0.49,11.6,67.7,5.1,Alluvial,1095.4,42.5,0.1504,Low Vulnerability,1306
BPL_CELL_1171,29,10,23.2595,77.4005,Bhojtal Lakefront / Water Buffer,30.56,0.546,4.0,68.5,4.4,Alluvial,1077.6,42.5,0.0513,Low Vulnerability,1600
BPL_CELL_1172,29,11,23.2595,77.4015,Bhojtal Lakefront / Water Buffer,32.05,0.516,10.2,66.3,2.7,Alluvial,1077.1,42.5,0.1146,Low Vulnerability,1485
BPL_CELL_1173,29,12,23.2595,77.4025,Bhojtal Lakefront / Water Buffer,32.74,0.553,11.8,60.8,2.9,Alluvial,1106.1,42.5,0.1291,Low Vulnerability,1416
BPL_CELL_1174,29,13,23.2595,77.4035,Bhojtal Lakefront / Water Buffer,34.12,0.507,13.0,67.2,4.1,Alluvial,1079.2,42.5,0.1643,Low Vulnerability,1281
BPL_CELL_1175,29,14,23.2595,77.4045,Old Bhopal (Chowk / Shahjahanabad),42.89,0.147,77.2,14.5,16.6,Deep Black Clay (Vertisol),1105.4,42.5,0.7728,Extreme Hotspot,555
BPL_CELL_1176,29,15,23.2595,77.4055,Old Bhopal (Chowk / Shahjahanabad),44.32,0.141,80.7,12.8,16.1,Deep Black Clay (Vertisol),1119.1,42.5,0.8164,Extreme Hotspot,518
BPL_CELL_1177,29,16,23.2595,77.4065,Old Bhopal (Chowk / Shahjahanabad),44.34,0.081,74.4,16.1,15.6,Deep Black Clay (Vertisol),1103.9,42.5,0.8154,Extreme Hotspot,522
BPL_CELL_1178,29,17,23.2595,77.4075,Old Bhopal (Chowk / Shahjahanabad),45.38,0.122,74.9,6.5,16.7,Deep Black Clay (Vertisol),1106.3,42.5,0.8402,Extreme Hotspot,413
BPL_CELL_1179,29,18,23.2595,77.4085,Old Bhopal (Chowk / Shahjahanabad),44.88,0.045,74.8,12.0,15.0,Deep Black Clay (Vertisol),1089.5,42.5,0.8497,Extreme Hotspot,354
BPL_CELL_1180,29,19,23.2595,77.4095,Old Bhopal (Chowk / Shahjahanabad),45.37,0.094,73.6,9.4,16.8,Deep Black Clay (Vertisol),1093.7,42.5,0.8414,Extreme Hotspot,401
BPL_CELL_1181,29,20,23.2595,77.4105,Old Bhopal (Chowk / Shahjahanabad),42.61,0.061,82.9,8.1,15.5,Deep Black Clay (Vertisol),1112.4,42.5,0.8316,Extreme Hotspot,460
BPL_CELL_1182,29,21,23.2595,77.4115,Old Bhopal (Chowk / Shahjahanabad),43.37,0.032,75.8,10.2,15.5,Deep Black Clay (Vertisol),1077.4,42.5,0.8326,Extreme Hotspot,457
BPL_CELL_1183,29,22,23.2595,77.4125,Old Bhopal (Chowk / Shahjahanabad),44.25,0.073,75.1,8.5,17.5,Deep Black Clay (Vertisol),1081.4,42.5,0.8345,Extreme Hotspot,446
BPL_CELL_1184,29,23,23.2595,77.4135,Old Bhopal (Chowk / Shahjahanabad),45.18,0.017,79.6,15.4,17.8,Deep Black Clay (Vertisol),1080.8,42.5,0.8738,Extreme Hotspot,197
BPL_CELL_1185,29,24,23.2595,77.4145,Old Bhopal (Chowk / Shahjahanabad),46.37,0.086,78.7,15.9,17.2,Deep Black Clay (Vertisol),1118.4,42.5,0.8655,Extreme Hotspot,247
BPL_CELL_1186,29,25,23.2595,77.4155,Old Bhopal (Chowk / Shahjahanabad),44.17,0.056,76.3,16.9,16.9,Deep Black Clay (Vertisol),1071.4,42.5,0.8261,Extreme Hotspot,488
BPL_CELL_1187,29,26,23.2595,77.4165,Old Bhopal (Chowk / Shahjahanabad),43.94,0.092,80.4,9.2,16.5,Deep Black Clay (Vertisol),1076.0,42.5,0.8352,Extreme Hotspot,441
BPL_CELL_1188,29,27,23.2595,77.4175,Old Bhopal (Chowk / Shahjahanabad),45.24,0.088,80.2,11.2,16.8,Deep Black Clay (Vertisol),1088.4,42.5,0.857,Extreme Hotspot,309
BPL_CELL_1189,29,28,23.2595,77.4185,Old Bhopal (Chowk / Shahjahanabad),44.34,0.09,76.2,9.4,16.8,Deep Black Clay (Vertisol),1093.4,42.5,0.8309,Extreme Hotspot,468
BPL_CELL_1190,29,29,23.2595,77.4195,Old Bhopal (Chowk / Shahjahanabad),44.85,0.067,81.8,9.9,17.2,Deep Black Clay (Vertisol),1119.7,42.5,0.8653,Extreme Hotspot,250
BPL_CELL_1191,29,30,23.2595,77.4205,Old Bhopal (Chowk / Shahjahanabad),45.24,0.094,78.6,7.2,15.2,Deep Black Clay (Vertisol),1093.1,42.5,0.8581,Extreme Hotspot,303
BPL_CELL_1192,29,31,23.2595,77.4215,Old Bhopal (Chowk / Shahjahanabad),44.87,0.088,79.3,8.2,16.7,Deep Black Clay (Vertisol),1099.1,42.5,0.8534,Extreme Hotspot,329
BPL_CELL_1193,29,32,23.2595,77.4225,Old Bhopal (Chowk / Shahjahanabad),44.25,0.092,80.6,9.6,17.7,Deep Black Clay (Vertisol),1084.8,42.5,0.8409,Extreme Hotspot,405
BPL_CELL_1194,29,33,23.2595,77.4235,Old Bhopal (Chowk / Shahjahanabad),44.49,0.03,76.4,10.2,17.3,Deep Black Clay (Vertisol),1075.0,42.5,0.8566,Extreme Hotspot,311
BPL_CELL_1195,29,34,23.2595,77.4245,Old Bhopal (Chowk / Shahjahanabad),44.4,0.065,81.8,10.6,17.9,Deep Black Clay (Vertisol),1102.3,42.5,0.856,Extreme Hotspot,312
BPL_CELL_1196,29,35,23.2595,77.4255,Old Bhopal (Chowk / Shahjahanabad),44.66,0.021,82.1,11.1,16.5,Deep Black Clay (Vertisol),1097.9,42.5,0.8784,Extreme Hotspot,164
BPL_CELL_1197,29,36,23.2595,77.4265,Old Bhopal (Chowk / Shahjahanabad),45.16,0.058,78.6,11.2,17.3,Deep Black Clay (Vertisol),1105.9,42.5,0.8627,Extreme Hotspot,271
BPL_CELL_1198,29,37,23.2595,77.4275,Old Bhopal (Chowk / Shahjahanabad),44.38,0.096,75.6,8.7,17.4,Deep Black Clay (Vertisol),1105.1,42.5,0.8289,Extreme Hotspot,478
BPL_CELL_1199,29,38,23.2595,77.4285,Old Bhopal (Chowk / Shahjahanabad),44.53,0.079,78.2,7.3,16.2,Deep Black Clay (Vertisol),1077.4,42.5,0.8491,Extreme Hotspot,358
BPL_CELL_1200,29,39,23.2595,77.4295,Old Bhopal (Chowk / Shahjahanabad),45.66,0.104,81.9,10.6,17.3,Deep Black Clay (Vertisol),1106.6,42.5,0.8649,Extreme Hotspot,254
BPL_CELL_1201,30,0,23.2605,77.3905,Bhojtal Lakefront / Water Buffer,33.26,0.513,10.7,65.5,4.1,Alluvial,1097.2,42.5,0.1421,Low Vulnerability,1345
BPL_CELL_1202,30,1,23.2605,77.3915,Bhojtal Lakefront / Water Buffer,34.0,0.522,22.0,66.2,4.9,Alluvial,1106.0,42.5,0.1846,Low Vulnerability,1270
BPL_CELL_1203,30,2,23.2605,77.3925,Bhojtal Lakefront / Water Buffer,33.87,0.525,11.9,67.8,2.5,Alluvial,1110.4,42.5,0.1479,Low Vulnerability,1320
BPL_CELL_1204,30,3,23.2605,77.3935,Bhojtal Lakefront / Water Buffer,32.78,0.466,15.9,66.5,2.9,Alluvial,1102.3,42.5,0.1649,Low Vulnerability,1280
BPL_CELL_1205,30,4,23.2605,77.3945,Bhojtal Lakefront / Water Buffer,32.8,0.478,12.8,68.4,4.8,Alluvial,1110.3,42.5,0.1475,Low Vulnerability,1323
BPL_CELL_1206,30,5,23.2605,77.3955,Bhojtal Lakefront / Water Buffer,31.33,0.487,17.1,69.3,3.5,Alluvial,1080.6,42.5,0.1265,Low Vulnerability,1427
BPL_CELL_1207,30,6,23.2605,77.3965,Bhojtal Lakefront / Water Buffer,32.66,0.474,15.9,68.2,5.0,Alluvial,1083.3,42.5,0.1559,Low Vulnerability,1295
BPL_CELL_1208,30,7,23.2605,77.3975,Bhojtal Lakefront / Water Buffer,32.12,0.544,12.4,70.5,3.8,Alluvial,1075.4,42.5,0.1027,Low Vulnerability,1535
BPL_CELL_1209,30,8,23.2605,77.3985,Bhojtal Lakefront / Water Buffer,31.92,0.503,11.5,65.9,3.4,Alluvial,1086.8,42.5,0.122,Low Vulnerability,1446
BPL_CELL_1210,30,9,23.2605,77.3995,Bhojtal Lakefront / Water Buffer,32.53,0.559,8.9,68.5,4.7,Alluvial,1119.3,42.5,0.0984,Low Vulnerability,1556
BPL_CELL_1211,30,10,23.2605,77.4005,Bhojtal Lakefront / Water Buffer,31.06,0.557,8.3,66.5,3.1,Alluvial,1103.9,42.5,0.0733,Low Vulnerability,1590
BPL_CELL_1212,30,11,23.2605,77.4015,Bhojtal Lakefront / Water Buffer,32.08,0.504,7.9,69.4,4.4,Alluvial,1073.9,42.5,0.1069,Low Vulnerability,1516
BPL_CELL_1213,30,12,23.2605,77.4025,Bhojtal Lakefront / Water Buffer,32.43,0.559,12.6,71.6,4.3,Alluvial,1110.7,42.5,0.101,Low Vulnerability,1543
BPL_CELL_1214,30,13,23.2605,77.4035,Bhojtal Lakefront / Water Buffer,31.92,0.566,11.7,65.8,4.1,Alluvial,1103.6,42.5,0.0976,Low Vulnerability,1559
BPL_CELL_1215,30,14,23.2605,77.4045,Old Bhopal (Chowk / Shahjahanabad),42.77,0.1,73.2,5.6,18.3,Deep Black Clay (Vertisol),1096.0,42.5,0.7957,Extreme Hotspot,549
BPL_CELL_1216,30,15,23.2605,77.4055,Old Bhopal (Chowk / Shahjahanabad),45.48,0.104,78.4,9.8,15.7,Deep Black Clay (Vertisol),1091.7,42.5,0.8528,Extreme Hotspot,335
BPL_CELL_1217,30,16,23.2605,77.4065,Old Bhopal (Chowk / Shahjahanabad),44.91,0.018,78.9,13.6,15.7,Deep Black Clay (Vertisol),1070.3,42.5,0.8699,Extreme Hotspot,223
BPL_CELL_1218,30,17,23.2605,77.4075,Old Bhopal (Chowk / Shahjahanabad),45.27,0.084,79.9,10.6,16.4,Deep Black Clay (Vertisol),1114.2,42.5,0.8595,Extreme Hotspot,292
BPL_CELL_1219,30,18,23.2605,77.4085,Old Bhopal (Chowk / Shahjahanabad),45.74,0.076,80.9,12.2,16.9,Deep Black Clay (Vertisol),1107.6,42.5,0.8714,Extreme Hotspot,210
BPL_CELL_1220,30,19,23.2605,77.4095,Old Bhopal (Chowk / Shahjahanabad),45.47,0.108,80.8,12.6,15.5,Deep Black Clay (Vertisol),1107.6,42.5,0.8523,Extreme Hotspot,340
BPL_CELL_1221,30,20,23.2605,77.4105,Old Bhopal (Chowk / Shahjahanabad),44.45,0.1,80.5,12.6,16.4,Deep Black Clay (Vertisol),1090.0,42.5,0.8351,Extreme Hotspot,443
BPL_CELL_1222,30,21,23.2605,77.4115,Old Bhopal (Chowk / Shahjahanabad),45.05,0.1,70.4,11.9,15.4,Deep Black Clay (Vertisol),1115.8,42.5,0.8183,Extreme Hotspot,516
BPL_CELL_1223,30,22,23.2605,77.4125,Old Bhopal (Chowk / Shahjahanabad),43.96,0.052,79.6,11.7,17.2,Deep Black Clay (Vertisol),1120.9,42.5,0.844,Extreme Hotspot,387
BPL_CELL_1224,30,23,23.2605,77.4135,Old Bhopal (Chowk / Shahjahanabad),44.96,0.094,79.2,14.0,16.1,Deep Black Clay (Vertisol),1088.1,42.5,0.8406,Extreme Hotspot,406
BPL_CELL_1225,30,24,23.2605,77.4145,Old Bhopal (Chowk / Shahjahanabad),44.57,0.072,76.5,7.8,16.3,Deep Black Clay (Vertisol),1075.7,42.5,0.8466,Extreme Hotspot,372
BPL_CELL_1226,30,25,23.2605,77.4155,Old Bhopal (Chowk / Shahjahanabad),45.65,0.08,76.0,7.6,15.8,Deep Black Clay (Vertisol),1070.6,42.5,0.8631,Extreme Hotspot,267
BPL_CELL_1227,30,26,23.2605,77.4165,Old Bhopal (Chowk / Shahjahanabad),43.61,0.116,82.0,8.3,15.5,Deep Black Clay (Vertisol),1117.0,42.5,0.8258,Extreme Hotspot,491
BPL_CELL_1228,30,27,23.2605,77.4175,Old Bhopal (Chowk / Shahjahanabad),46.59,0.054,79.4,11.7,16.8,Deep Black Clay (Vertisol),1105.7,42.5,0.8931,Extreme Hotspot,101
BPL_CELL_1229,30,28,23.2605,77.4185,Old Bhopal (Chowk / Shahjahanabad),46.25,0.102,80.1,14.9,16.1,Deep Black Clay (Vertisol),1095.3,42.5,0.8629,Extreme Hotspot,270
BPL_CELL_1230,30,29,23.2605,77.4195,Old Bhopal (Chowk / Shahjahanabad),44.27,0.075,74.8,11.4,17.9,Deep Black Clay (Vertisol),1073.6,42.5,0.8273,Extreme Hotspot,484
BPL_CELL_1231,30,30,23.2605,77.4205,Old Bhopal (Chowk / Shahjahanabad),44.44,0.11,84.2,9.9,15.9,Deep Black Clay (Vertisol),1116.5,42.5,0.8473,Extreme Hotspot,366
BPL_CELL_1232,30,31,23.2605,77.4215,Old Bhopal (Chowk / Shahjahanabad),46.54,0.095,80.9,9.6,17.1,Deep Black Clay (Vertisol),1070.5,42.5,0.8845,Extreme Hotspot,135
BPL_CELL_1233,30,32,23.2605,77.4225,Old Bhopal (Chowk / Shahjahanabad),43.64,0.057,82.4,12.5,17.3,Deep Black Clay (Vertisol),1095.3,42.5,0.8425,Extreme Hotspot,393
BPL_CELL_1234,30,33,23.2605,77.4235,Old Bhopal (Chowk / Shahjahanabad),43.27,0.087,80.7,14.3,15.7,Deep Black Clay (Vertisol),1090.5,42.5,0.8147,Extreme Hotspot,523
BPL_CELL_1235,30,34,23.2605,77.4245,Old Bhopal (Chowk / Shahjahanabad),44.12,0.04,83.2,10.7,16.0,Deep Black Clay (Vertisol),1127.8,42.5,0.8645,Extreme Hotspot,255
BPL_CELL_1236,30,35,23.2605,77.4255,Old Bhopal (Chowk / Shahjahanabad),45.83,0.057,76.1,12.9,17.3,Deep Black Clay (Vertisol),1117.4,42.5,0.8652,Extreme Hotspot,251
BPL_CELL_1237,30,36,23.2605,77.4265,Old Bhopal (Chowk / Shahjahanabad),45.41,0.086,81.0,11.2,16.6,Deep Black Clay (Vertisol),1084.3,42.5,0.8634,Extreme Hotspot,263
BPL_CELL_1238,30,37,23.2605,77.4275,Old Bhopal (Chowk / Shahjahanabad),46.05,0.073,69.9,8.8,17.6,Deep Black Clay (Vertisol),1082.3,42.5,0.8532,Extreme Hotspot,330
BPL_CELL_1239,30,38,23.2605,77.4285,Old Bhopal (Chowk / Shahjahanabad),45.9,0.163,77.6,12.1,16.9,Deep Black Clay (Vertisol),1087.4,42.5,0.8303,Extreme Hotspot,471
BPL_CELL_1240,30,39,23.2605,77.4295,Old Bhopal (Chowk / Shahjahanabad),44.88,0.094,82.9,11.3,16.3,Deep Black Clay (Vertisol),1071.8,42.5,0.8554,Extreme Hotspot,314
BPL_CELL_1241,31,0,23.2615,77.3905,Bhojtal Lakefront / Water Buffer,32.68,0.538,16.2,64.8,3.7,Alluvial,1080.7,42.5,0.1387,Low Vulnerability,1365
BPL_CELL_1242,31,1,23.2615,77.3915,Bhojtal Lakefront / Water Buffer,33.47,0.577,12.9,68.5,4.1,Alluvial,1110.6,42.5,0.121,Low Vulnerability,1454
BPL_CELL_1243,31,2,23.2615,77.3925,Bhojtal Lakefront / Water Buffer,31.35,0.556,18.3,72.5,4.0,Alluvial,1118.6,42.5,0.0964,Low Vulnerability,1560
BPL_CELL_1244,31,3,23.2615,77.3935,Bhojtal Lakefront / Water Buffer,33.13,0.482,4.9,78.3,3.8,Alluvial,1122.9,42.5,0.1088,Low Vulnerability,1510
BPL_CELL_1245,31,4,23.2615,77.3945,Bhojtal Lakefront / Water Buffer,32.74,0.512,16.9,73.4,4.3,Alluvial,1092.7,42.5,0.1346,Low Vulnerability,1388
BPL_CELL_1246,31,5,23.2615,77.3955,Bhojtal Lakefront / Water Buffer,31.94,0.491,15.4,70.2,4.1,Alluvial,1072.8,42.5,0.1298,Low Vulnerability,1409
BPL_CELL_1247,31,6,23.2615,77.3965,Bhojtal Lakefront / Water Buffer,32.07,0.507,6.0,66.8,4.1,Alluvial,1117.7,42.5,0.1052,Low Vulnerability,1524
BPL_CELL_1248,31,7,23.2615,77.3975,Bhojtal Lakefront / Water Buffer,32.76,0.561,7.1,74.1,3.9,Alluvial,1082.6,42.5,0.0852,Low Vulnerability,1581
BPL_CELL_1249,31,8,23.2615,77.3985,Bhojtal Lakefront / Water Buffer,33.39,0.537,11.3,67.1,2.9,Alluvial,1108.7,42.5,0.1336,Low Vulnerability,1392
BPL_CELL_1250,31,9,23.2615,77.3995,Bhojtal Lakefront / Water Buffer,32.42,0.485,11.8,65.4,4.4,Alluvial,1092.4,42.5,0.1406,Low Vulnerability,1354
BPL_CELL_1251,31,10,23.2615,77.4005,Bhojtal Lakefront / Water Buffer,32.01,0.475,9.2,68.1,2.7,Alluvial,1105.0,42.5,0.1236,Low Vulnerability,1439
BPL_CELL_1252,31,11,23.2615,77.4015,Bhojtal Lakefront / Water Buffer,33.68,0.541,12.6,69.7,5.7,Alluvial,1093.8,42.5,0.136,Low Vulnerability,1382
BPL_CELL_1253,31,12,23.2615,77.4025,Bhojtal Lakefront / Water Buffer,31.85,0.579,4.6,65.0,3.5,Alluvial,1078.1,42.5,0.0719,Low Vulnerability,1593
BPL_CELL_1254,31,13,23.2615,77.4035,Bhojtal Lakefront / Water Buffer,33.31,0.548,13.9,65.6,5.1,Alluvial,1097.9,42.5,0.1384,Low Vulnerability,1368
BPL_CELL_1255,31,14,23.2615,77.4045,Old Bhopal (Chowk / Shahjahanabad),44.11,0.058,75.0,11.8,16.7,Deep Black Clay (Vertisol),1092.9,42.5,0.8308,Extreme Hotspot,470
BPL_CELL_1256,31,15,23.2615,77.4055,Old Bhopal (Chowk / Shahjahanabad),44.06,0.089,80.8,9.5,15.9,Deep Black Clay (Vertisol),1074.9,42.5,0.8392,Extreme Hotspot,417
BPL_CELL_1257,31,16,23.2615,77.4065,Old Bhopal (Chowk / Shahjahanabad),45.39,0.05,74.7,7.1,16.8,Deep Black Clay (Vertisol),1074.3,42.5,0.8673,Extreme Hotspot,240
BPL_CELL_1258,31,17,23.2615,77.4075,Old Bhopal (Chowk / Shahjahanabad),44.62,0.099,79.1,12.1,17.2,Deep Black Clay (Vertisol),1088.2,42.5,0.8356,Extreme Hotspot,437
BPL_CELL_1259,31,18,23.2615,77.4085,Old Bhopal (Chowk / Shahjahanabad),45.35,0.038,77.7,15.8,19.4,Deep Black Clay (Vertisol),1115.1,42.5,0.8623,Extreme Hotspot,275
BPL_CELL_1260,31,19,23.2615,77.4095,Old Bhopal (Chowk / Shahjahanabad),44.76,0.076,70.8,13.7,16.5,Deep Black Clay (Vertisol),1119.3,42.5,0.8198,Extreme Hotspot,513
BPL_CELL_1261,31,20,23.2615,77.4105,Old Bhopal (Chowk / Shahjahanabad),44.99,0.05,74.7,13.4,16.0,Deep Black Clay (Vertisol),1100.8,42.5,0.8467,Extreme Hotspot,371
BPL_CELL_1262,31,21,23.2615,77.4115,Old Bhopal (Chowk / Shahjahanabad),43.96,0.081,76.5,9.5,16.8,Deep Black Clay (Vertisol),1114.9,42.5,0.8278,Extreme Hotspot,483
BPL_CELL_1263,31,22,23.2615,77.4125,Old Bhopal (Chowk / Shahjahanabad),43.73,0.086,79.8,6.3,16.3,Deep Black Clay (Vertisol),1117.5,42.5,0.8377,Extreme Hotspot,427
BPL_CELL_1264,31,23,23.2615,77.4135,Old Bhopal (Chowk / Shahjahanabad),43.81,0.073,80.6,11.8,15.3,Deep Black Clay (Vertisol),1082.6,42.5,0.8355,Extreme Hotspot,439
BPL_CELL_1265,31,24,23.2615,77.4145,Old Bhopal (Chowk / Shahjahanabad),43.71,0.092,75.3,14.0,17.8,Deep Black Clay (Vertisol),1070.6,42.5,0.8059,Extreme Hotspot,535
BPL_CELL_1266,31,25,23.2615,77.4155,Old Bhopal (Chowk / Shahjahanabad),46.36,0.101,72.3,9.5,17.2,Deep Black Clay (Vertisol),1111.1,42.5,0.8536,Extreme Hotspot,327
BPL_CELL_1267,31,26,23.2615,77.4165,Old Bhopal (Chowk / Shahjahanabad),43.52,0.11,75.5,10.6,17.9,Deep Black Clay (Vertisol),1125.3,42.5,0.8026,Extreme Hotspot,542
BPL_CELL_1268,31,27,23.2615,77.4175,Old Bhopal (Chowk / Shahjahanabad),45.03,0.122,85.6,9.2,17.5,Deep Black Clay (Vertisol),1106.2,42.5,0.8594,Extreme Hotspot,294
BPL_CELL_1269,31,28,23.2615,77.4185,Old Bhopal (Chowk / Shahjahanabad),43.39,0.042,80.8,10.9,15.7,Deep Black Clay (Vertisol),1081.3,42.5,0.8422,Extreme Hotspot,396
BPL_CELL_1270,31,29,23.2615,77.4195,Old Bhopal (Chowk / Shahjahanabad),45.51,0.11,81.4,5.1,17.0,Deep Black Clay (Vertisol),1075.6,42.5,0.8694,Extreme Hotspot,225
BPL_CELL_1271,31,30,23.2615,77.4205,Old Bhopal (Chowk / Shahjahanabad),45.71,0.103,83.7,11.3,16.0,Deep Black Clay (Vertisol),1074.2,42.5,0.8701,Extreme Hotspot,218
BPL_CELL_1272,31,31,23.2615,77.4215,Old Bhopal (Chowk / Shahjahanabad),44.84,0.104,77.8,11.7,17.7,Deep Black Clay (Vertisol),1074.2,42.5,0.8349,Extreme Hotspot,444
BPL_CELL_1273,31,32,23.2615,77.4225,Old Bhopal (Chowk / Shahjahanabad),45.82,0.093,81.8,13.2,16.1,Deep Black Clay (Vertisol),1076.6,42.5,0.8668,Extreme Hotspot,244
BPL_CELL_1274,31,33,23.2615,77.4235,Old Bhopal (Chowk / Shahjahanabad),45.08,0.047,77.6,17.4,17.3,Deep Black Clay (Vertisol),1121.9,42.5,0.85,Extreme Hotspot,352
BPL_CELL_1275,31,34,23.2615,77.4245,Old Bhopal (Chowk / Shahjahanabad),45.22,0.095,73.5,13.1,15.4,Deep Black Clay (Vertisol),1126.3,42.5,0.8302,Extreme Hotspot,472
BPL_CELL_1276,31,35,23.2615,77.4255,Old Bhopal (Chowk / Shahjahanabad),44.99,0.05,76.3,10.2,15.9,Deep Black Clay (Vertisol),1070.4,42.5,0.8579,Extreme Hotspot,304
BPL_CELL_1277,31,36,23.2615,77.4265,Old Bhopal (Chowk / Shahjahanabad),45.0,0.089,73.4,14.4,14.8,Deep Black Clay (Vertisol),1122.8,42.5,0.8255,Extreme Hotspot,493
BPL_CELL_1278,31,37,23.2615,77.4275,Old Bhopal (Chowk / Shahjahanabad),44.48,0.042,79.6,11.0,15.8,Deep Black Clay (Vertisol),1122.9,42.5,0.8594,Extreme Hotspot,295
BPL_CELL_1279,31,38,23.2615,77.4285,Old Bhopal (Chowk / Shahjahanabad),43.46,0.093,77.8,8.8,15.4,Deep Black Clay (Vertisol),1080.5,42.5,0.8187,Extreme Hotspot,514
BPL_CELL_1280,31,39,23.2615,77.4295,Old Bhopal (Chowk / Shahjahanabad),43.73,0.08,86.0,9.0,15.6,Deep Black Clay (Vertisol),1124.6,42.5,0.8528,Extreme Hotspot,336
BPL_CELL_1281,32,0,23.2625,77.3905,Bhojtal Lakefront / Water Buffer,32.97,0.556,5.4,72.5,4.3,Alluvial,1086.4,42.5,0.0895,Low Vulnerability,1573
BPL_CELL_1282,32,1,23.2625,77.3915,Bhojtal Lakefront / Water Buffer,34.32,0.503,9.9,72.0,3.6,Alluvial,1113.3,42.5,0.1508,Low Vulnerability,1305
BPL_CELL_1283,32,2,23.2625,77.3925,Bhojtal Lakefront / Water Buffer,32.71,0.554,16.4,67.8,4.5,Alluvial,1076.3,42.5,0.1273,Low Vulnerability,1423
BPL_CELL_1284,32,3,23.2625,77.3935,Bhojtal Lakefront / Water Buffer,32.49,0.523,8.9,65.8,4.4,Alluvial,1100.4,42.5,0.1175,Low Vulnerability,1473
BPL_CELL_1285,32,4,23.2625,77.3945,Bhojtal Lakefront / Water Buffer,32.16,0.523,10.0,63.3,3.2,Alluvial,1121.3,42.5,0.1195,Low Vulnerability,1465
BPL_CELL_1286,32,5,23.2625,77.3955,Bhojtal Lakefront / Water Buffer,33.51,0.516,12.3,73.0,5.4,Alluvial,1089.6,42.5,0.1351,Low Vulnerability,1387
BPL_CELL_1287,32,6,23.2625,77.3965,Bhojtal Lakefront / Water Buffer,32.49,0.485,16.0,69.6,4.3,Alluvial,1078.4,42.5,0.1457,Low Vulnerability,1329
BPL_CELL_1288,32,7,23.2625,77.3975,Bhojtal Lakefront / Water Buffer,34.7,0.545,5.9,68.3,4.3,Alluvial,1076.0,42.5,0.1372,Low Vulnerability,1372
BPL_CELL_1289,32,8,23.2625,77.3985,Bhojtal Lakefront / Water Buffer,32.2,0.556,10.9,68.8,4.3,Alluvial,1079.2,42.5,0.0985,Low Vulnerability,1555
BPL_CELL_1290,32,9,23.2625,77.3995,Bhojtal Lakefront / Water Buffer,31.15,0.507,13.9,72.4,4.5,Alluvial,1083.0,42.5,0.0993,Low Vulnerability,1548
BPL_CELL_1291,32,10,23.2625,77.4005,Bhojtal Lakefront / Water Buffer,31.94,0.466,13.9,64.0,3.8,Alluvial,1093.4,42.5,0.148,Low Vulnerability,1318
BPL_CELL_1292,32,11,23.2625,77.4015,Bhojtal Lakefront / Water Buffer,30.62,0.516,13.1,73.2,4.2,Alluvial,1116.0,42.5,0.0816,Low Vulnerability,1588
BPL_CELL_1293,32,12,23.2625,77.4025,Bhojtal Lakefront / Water Buffer,33.29,0.507,12.1,69.3,2.1,Alluvial,1090.2,42.5,0.1415,Low Vulnerability,1348
BPL_CELL_1294,32,13,23.2625,77.4035,Bhojtal Lakefront / Water Buffer,33.78,0.536,16.9,69.1,5.8,Alluvial,1117.8,42.5,0.1538,Low Vulnerability,1300
BPL_CELL_1295,32,14,23.2625,77.4045,Old Bhopal (Chowk / Shahjahanabad),45.06,0.064,80.3,13.9,17.1,Deep Black Clay (Vertisol),1103.7,42.5,0.8579,Extreme Hotspot,305
BPL_CELL_1296,32,15,23.2625,77.4055,Old Bhopal (Chowk / Shahjahanabad),45.3,0.088,80.7,5.0,16.0,Deep Black Clay (Vertisol),1077.2,42.5,0.8723,Extreme Hotspot,205
BPL_CELL_1297,32,16,23.2625,77.4065,Old Bhopal (Chowk / Shahjahanabad),44.99,0.107,80.1,13.9,16.2,Deep Black Clay (Vertisol),1097.5,42.5,0.8388,Extreme Hotspot,422
BPL_CELL_1298,32,17,23.2625,77.4075,Old Bhopal (Chowk / Shahjahanabad),45.62,0.13,81.1,9.5,15.9,Deep Black Clay (Vertisol),1074.0,42.5,0.8537,Extreme Hotspot,326
BPL_CELL_1299,32,18,23.2625,77.4085,Old Bhopal (Chowk / Shahjahanabad),44.95,0.105,70.4,6.2,17.3,Deep Black Clay (Vertisol),1129.4,42.5,0.8261,Extreme Hotspot,489
BPL_CELL_1300,32,19,23.2625,77.4095,Old Bhopal (Chowk / Shahjahanabad),45.47,0.091,76.8,15.1,16.2,Deep Black Clay (Vertisol),1128.9,42.5,0.8422,Extreme Hotspot,397
BPL_CELL_1301,32,20,23.2625,77.4105,Old Bhopal (Chowk / Shahjahanabad),44.35,0.037,83.8,10.4,15.9,Deep Black Clay (Vertisol),1123.0,42.5,0.8725,Extreme Hotspot,204
BPL_CELL_1302,32,21,23.2625,77.4115,Old Bhopal (Chowk / Shahjahanabad),45.91,0.056,84.7,8.5,16.6,Deep Black Clay (Vertisol),1106.5,42.5,0.9014,Extreme Hotspot,65
BPL_CELL_1303,32,22,23.2625,77.4125,Old Bhopal (Chowk / Shahjahanabad),44.04,0.065,76.9,9.5,14.5,Deep Black Clay (Vertisol),1084.0,42.5,0.8369,Extreme Hotspot,430
BPL_CELL_1304,32,23,23.2625,77.4135,Old Bhopal (Chowk / Shahjahanabad),43.4,0.032,73.5,9.4,17.7,Deep Black Clay (Vertisol),1115.4,42.5,0.828,Extreme Hotspot,482
BPL_CELL_1305,32,24,23.2625,77.4145,Old Bhopal (Chowk / Shahjahanabad),44.57,0.073,76.4,13.0,16.8,Deep Black Clay (Vertisol),1072.3,42.5,0.8353,Extreme Hotspot,440
BPL_CELL_1306,32,25,23.2625,77.4155,Old Bhopal (Chowk / Shahjahanabad),45.3,0.116,76.3,15.8,16.1,Deep Black Clay (Vertisol),1089.7,42.5,0.8261,Extreme Hotspot,490
BPL_CELL_1307,32,26,23.2625,77.4165,Old Bhopal (Chowk / Shahjahanabad),44.57,0.122,78.8,7.6,17.6,Deep Black Clay (Vertisol),1087.3,42.5,0.8338,Extreme Hotspot,450
BPL_CELL_1308,32,27,23.2625,77.4175,Old Bhopal (Chowk / Shahjahanabad),44.62,0.137,79.5,10.1,17.0,Deep Black Clay (Vertisol),1102.4,42.5,0.8258,Extreme Hotspot,492
BPL_CELL_1309,32,28,23.2625,77.4185,Old Bhopal (Chowk / Shahjahanabad),45.91,0.055,78.6,15.8,16.3,Deep Black Clay (Vertisol),1092.9,42.5,0.8689,Extreme Hotspot,228
BPL_CELL_1310,32,29,23.2625,77.4195,Old Bhopal (Chowk / Shahjahanabad),43.59,0.066,81.9,13.1,16.6,Deep Black Clay (Vertisol),1074.2,42.5,0.8352,Extreme Hotspot,442
BPL_CELL_1311,32,30,23.2625,77.4205,Old Bhopal (Chowk / Shahjahanabad),45.25,0.12,80.0,12.8,17.4,Deep Black Clay (Vertisol),1119.9,42.5,0.8406,Extreme Hotspot,407
BPL_CELL_1312,32,31,23.2625,77.4215,Old Bhopal (Chowk / Shahjahanabad),45.46,0.1,77.4,15.5,17.1,Deep Black Clay (Vertisol),1088.7,42.5,0.8394,Extreme Hotspot,416
BPL_CELL_1313,32,32,23.2625,77.4225,Old Bhopal (Chowk / Shahjahanabad),44.68,0.058,79.7,13.2,16.3,Deep Black Clay (Vertisol),1108.1,42.5,0.8527,Extreme Hotspot,337
BPL_CELL_1314,32,33,23.2625,77.4235,Old Bhopal (Chowk / Shahjahanabad),45.76,0.073,84.5,10.5,17.5,Deep Black Clay (Vertisol),1093.9,42.5,0.887,Extreme Hotspot,121
BPL_CELL_1315,32,34,23.2625,77.4245,Old Bhopal (Chowk / Shahjahanabad),45.28,0.108,72.8,11.0,16.6,Deep Black Clay (Vertisol),1117.6,42.5,0.8284,Extreme Hotspot,480
BPL_CELL_1316,32,35,23.2625,77.4255,Old Bhopal (Chowk / Shahjahanabad),43.14,0.109,78.9,14.3,15.4,Deep Black Clay (Vertisol),1125.3,42.5,0.7982,Extreme Hotspot,546
BPL_CELL_1317,32,36,23.2625,77.4265,Old Bhopal (Chowk / Shahjahanabad),44.37,0.07,78.1,8.9,15.6,Deep Black Clay (Vertisol),1092.5,42.5,0.846,Extreme Hotspot,375
BPL_CELL_1318,32,37,23.2625,77.4275,Old Bhopal (Chowk / Shahjahanabad),45.02,0.071,77.7,13.4,17.2,Deep Black Clay (Vertisol),1079.3,42.5,0.8477,Extreme Hotspot,363
BPL_CELL_1319,32,38,23.2625,77.4285,Old Bhopal (Chowk / Shahjahanabad),44.85,0.084,72.9,11.2,14.7,Deep Black Clay (Vertisol),1126.4,42.5,0.8296,Extreme Hotspot,475
BPL_CELL_1320,32,39,23.2625,77.4295,Old Bhopal (Chowk / Shahjahanabad),44.91,0.108,77.9,6.9,16.6,Deep Black Clay (Vertisol),1105.3,42.5,0.8447,Extreme Hotspot,382
BPL_CELL_1321,33,0,23.2635,77.3905,Bhojtal Lakefront / Water Buffer,32.29,0.525,15.0,66.6,3.7,Alluvial,1096.2,42.5,0.1291,Low Vulnerability,1417
BPL_CELL_1322,33,1,23.2635,77.3915,Bhojtal Lakefront / Water Buffer,32.26,0.518,19.7,67.4,3.3,Alluvial,1099.3,42.5,0.1435,Low Vulnerability,1342
BPL_CELL_1323,33,2,23.2635,77.3925,Bhojtal Lakefront / Water Buffer,31.98,0.477,7.3,62.4,4.1,Alluvial,1072.1,42.5,0.1283,Low Vulnerability,1420
BPL_CELL_1324,33,3,23.2635,77.3935,Bhojtal Lakefront / Water Buffer,31.83,0.536,7.4,65.9,3.1,Alluvial,1108.7,42.5,0.095,Low Vulnerability,1562
BPL_CELL_1325,33,4,23.2635,77.3945,Bhojtal Lakefront / Water Buffer,32.43,0.553,10.9,65.9,2.6,Alluvial,1120.5,42.5,0.11,Low Vulnerability,1504
BPL_CELL_1326,33,5,23.2635,77.3955,Bhojtal Lakefront / Water Buffer,31.17,0.571,12.5,63.9,2.8,Alluvial,1093.9,42.5,0.0875,Low Vulnerability,1576
BPL_CELL_1327,33,6,23.2635,77.3965,Bhojtal Lakefront / Water Buffer,30.84,0.487,9.8,67.8,2.9,Alluvial,1085.2,42.5,0.0987,Low Vulnerability,1552
BPL_CELL_1328,33,7,23.2635,77.3975,Bhojtal Lakefront / Water Buffer,33.29,0.495,20.7,66.4,3.5,Alluvial,1088.5,42.5,0.1775,Low Vulnerability,1272
BPL_CELL_1329,33,8,23.2635,77.3985,Bhojtal Lakefront / Water Buffer,30.94,0.552,11.8,66.7,3.3,Alluvial,1090.7,42.5,0.0829,Low Vulnerability,1584
BPL_CELL_1330,33,9,23.2635,77.3995,Bhojtal Lakefront / Water Buffer,31.32,0.551,16.5,70.7,3.9,Alluvial,1088.5,42.5,0.0962,Low Vulnerability,1561
BPL_CELL_1331,33,10,23.2635,77.4005,Bhojtal Lakefront / Water Buffer,34.15,0.516,13.3,68.0,3.9,Alluvial,1109.3,42.5,0.1606,Low Vulnerability,1286
BPL_CELL_1332,33,11,23.2635,77.4015,Bhojtal Lakefront / Water Buffer,31.46,0.518,9.9,64.7,5.1,Alluvial,1081.9,42.5,0.1049,Low Vulnerability,1526
BPL_CELL_1333,33,12,23.2635,77.4025,Bhojtal Lakefront / Water Buffer,33.41,0.586,5.9,69.7,4.3,Alluvial,1081.0,42.5,0.0932,Low Vulnerability,1569
BPL_CELL_1334,33,13,23.2635,77.4035,Bhojtal Lakefront / Water Buffer,32.79,0.521,9.3,70.5,3.7,Alluvial,1107.6,42.5,0.1156,Low Vulnerability,1479
BPL_CELL_1335,33,14,23.2635,77.4045,Old Bhopal (Chowk / Shahjahanabad),43.51,0.037,80.0,13.4,16.0,Deep Black Clay (Vertisol),1090.5,42.5,0.8391,Extreme Hotspot,418
BPL_CELL_1336,33,15,23.2635,77.4055,Old Bhopal (Chowk / Shahjahanabad),45.3,0.051,76.5,10.6,16.2,Deep Black Clay (Vertisol),1073.7,42.5,0.8633,Extreme Hotspot,265
BPL_CELL_1337,33,16,23.2635,77.4065,Old Bhopal (Chowk / Shahjahanabad),44.8,0.076,69.5,6.8,17.3,Deep Black Clay (Vertisol),1070.4,42.5,0.8309,Extreme Hotspot,469
BPL_CELL_1338,33,17,23.2635,77.4075,Old Bhopal (Chowk / Shahjahanabad),45.43,0.01,72.3,11.7,14.6,Deep Black Clay (Vertisol),1098.4,42.5,0.8675,Extreme Hotspot,237
BPL_CELL_1339,33,18,23.2635,77.4085,Old Bhopal (Chowk / Shahjahanabad),44.3,0.107,73.4,15.8,18.0,Deep Black Clay (Vertisol),1126.5,42.5,0.802,Extreme Hotspot,543
BPL_CELL_1340,33,19,23.2635,77.4095,Old Bhopal (Chowk / Shahjahanabad),44.79,0.065,75.6,13.8,16.8,Deep Black Clay (Vertisol),1089.8,42.5,0.8387,Extreme Hotspot,423
BPL_CELL_1341,33,20,23.2635,77.4105,Old Bhopal (Chowk / Shahjahanabad),45.6,0.1,76.7,6.6,16.8,Deep Black Clay (Vertisol),1106.1,42.5,0.8583,Extreme Hotspot,301
BPL_CELL_1342,33,21,23.2635,77.4115,Old Bhopal (Chowk / Shahjahanabad),44.48,0.097,76.4,9.5,15.1,Deep Black Clay (Vertisol),1092.1,42.5,0.8311,Extreme Hotspot,465
BPL_CELL_1343,33,22,23.2635,77.4125,Old Bhopal (Chowk / Shahjahanabad),43.83,0.05,74.9,11.7,17.4,Deep Black Clay (Vertisol),1127.5,42.5,0.8285,Extreme Hotspot,479
BPL_CELL_1344,33,23,23.2635,77.4135,Old Bhopal (Chowk / Shahjahanabad),47.24,0.082,77.9,10.6,16.7,Deep Black Clay (Vertisol),1118.5,42.5,0.8922,Extreme Hotspot,104
BPL_CELL_1345,33,24,23.2635,77.4145,Old Bhopal (Chowk / Shahjahanabad),44.35,0.109,75.7,9.3,16.2,Deep Black Clay (Vertisol),1095.7,42.5,0.8222,Extreme Hotspot,506
BPL_CELL_1346,33,25,23.2635,77.4155,Old Bhopal (Chowk / Shahjahanabad),44.56,0.143,75.1,17.1,16.4,Deep Black Clay (Vertisol),1124.3,42.5,0.795,Extreme Hotspot,550
BPL_CELL_1347,33,26,23.2635,77.4165,Old Bhopal (Chowk / Shahjahanabad),44.73,0.055,79.2,12.8,15.5,Deep Black Clay (Vertisol),1121.4,42.5,0.8542,Extreme Hotspot,322
BPL_CELL_1348,33,27,23.2635,77.4175,Old Bhopal (Chowk / Shahjahanabad),44.65,0.064,78.4,11.9,15.9,Deep Black Clay (Vertisol),1110.4,42.5,0.8485,Extreme Hotspot,361
BPL_CELL_1349,33,28,23.2635,77.4185,Old Bhopal (Chowk / Shahjahanabad),43.05,0.062,80.4,14.0,17.4,Deep Black Clay (Vertisol),1084.5,42.5,0.8202,Extreme Hotspot,512
BPL_CELL_1350,33,29,23.2635,77.4195,Old Bhopal (Chowk / Shahjahanabad),45.68,0.092,84.2,10.5,16.2,Deep Black Clay (Vertisol),1096.1,42.5,0.8771,Extreme Hotspot,172
BPL_CELL_1351,33,30,23.2635,77.4205,Old Bhopal (Chowk / Shahjahanabad),44.69,0.063,85.3,8.4,16.6,Deep Black Clay (Vertisol),1085.5,42.5,0.8772,Extreme Hotspot,171
BPL_CELL_1352,33,31,23.2635,77.4215,Old Bhopal (Chowk / Shahjahanabad),44.17,0.017,79.6,12.4,16.8,Deep Black Clay (Vertisol),1102.1,42.5,0.8606,Extreme Hotspot,283
BPL_CELL_1353,33,32,23.2635,77.4225,Old Bhopal (Chowk / Shahjahanabad),44.74,0.067,76.0,5.5,17.7,Deep Black Clay (Vertisol),1106.0,42.5,0.8551,Extreme Hotspot,315
BPL_CELL_1354,33,33,23.2635,77.4235,Old Bhopal (Chowk / Shahjahanabad),44.16,0.062,75.8,10.2,15.2,Deep Black Clay (Vertisol),1092.9,42.5,0.8358,Extreme Hotspot,435
BPL_CELL_1355,33,34,23.2635,77.4245,Old Bhopal (Chowk / Shahjahanabad),44.07,0.05,82.4,6.9,16.6,Deep Black Clay (Vertisol),1075.3,42.5,0.865,Extreme Hotspot,253
BPL_CELL_1356,33,35,23.2635,77.4255,Old Bhopal (Chowk / Shahjahanabad),45.24,0.122,81.6,13.4,16.0,Deep Black Clay (Vertisol),1077.0,42.5,0.8431,Extreme Hotspot,392
BPL_CELL_1357,33,36,23.2635,77.4265,Old Bhopal (Chowk / Shahjahanabad),43.61,0.123,82.9,10.1,16.8,Deep Black Clay (Vertisol),1102.1,42.5,0.822,Extreme Hotspot,507
BPL_CELL_1358,33,37,23.2635,77.4275,Old Bhopal (Chowk / Shahjahanabad),44.8,0.128,70.5,10.0,17.2,Deep Black Clay (Vertisol),1110.8,42.5,0.8065,Extreme Hotspot,533
BPL_CELL_1359,33,38,23.2635,77.4285,Old Bhopal (Chowk / Shahjahanabad),45.11,0.045,76.5,9.9,15.7,Deep Black Clay (Vertisol),1097.6,42.5,0.8634,Extreme Hotspot,264
BPL_CELL_1360,33,39,23.2635,77.4295,Old Bhopal (Chowk / Shahjahanabad),45.48,0.124,85.1,9.9,15.7,Deep Black Clay (Vertisol),1097.3,42.5,0.8643,Extreme Hotspot,258
BPL_CELL_1361,34,0,23.2645,77.3905,Bhojtal Lakefront / Water Buffer,32.09,0.51,8.8,63.4,3.9,Alluvial,1088.5,42.5,0.1196,Low Vulnerability,1464
BPL_CELL_1362,34,1,23.2645,77.3915,Bhojtal Lakefront / Water Buffer,31.34,0.535,11.9,72.7,4.2,Alluvial,1098.7,42.5,0.0853,Low Vulnerability,1580
BPL_CELL_1363,34,2,23.2645,77.3925,Bhojtal Lakefront / Water Buffer,33.0,0.489,11.0,65.2,4.9,Alluvial,1119.7,42.5,0.1482,Low Vulnerability,1317
BPL_CELL_1364,34,3,23.2645,77.3935,Bhojtal Lakefront / Water Buffer,32.4,0.532,17.5,69.7,3.0,Alluvial,1073.2,42.5,0.1295,Low Vulnerability,1412
BPL_CELL_1365,34,4,23.2645,77.3945,Bhojtal Lakefront / Water Buffer,32.87,0.506,8.5,68.2,5.4,Alluvial,1120.9,42.5,0.1255,Low Vulnerability,1431
BPL_CELL_1366,34,5,23.2645,77.3955,Bhojtal Lakefront / Water Buffer,32.37,0.558,11.8,65.6,5.2,Alluvial,1129.4,42.5,0.1102,Low Vulnerability,1502
BPL_CELL_1367,34,6,23.2645,77.3965,Bhojtal Lakefront / Water Buffer,32.54,0.49,9.2,67.6,4.0,Alluvial,1121.4,42.5,0.1288,Low Vulnerability,1419
BPL_CELL_1368,34,7,23.2645,77.3975,Bhojtal Lakefront / Water Buffer,31.94,0.508,13.1,68.1,3.1,Alluvial,1118.3,42.5,0.1205,Low Vulnerability,1456
BPL_CELL_1369,34,8,23.2645,77.3985,Bhojtal Lakefront / Water Buffer,33.33,0.482,10.0,68.5,5.0,Alluvial,1087.5,42.5,0.1476,Low Vulnerability,1322
BPL_CELL_1370,34,9,23.2645,77.3995,Bhojtal Lakefront / Water Buffer,33.56,0.533,13.9,68.0,2.9,Alluvial,1070.5,42.5,0.1442,Low Vulnerability,1338
BPL_CELL_1371,34,10,23.2645,77.4005,Bhojtal Lakefront / Water Buffer,32.32,0.481,7.4,59.9,5.4,Alluvial,1095.6,42.5,0.1386,Low Vulnerability,1366
BPL_CELL_1372,34,11,23.2645,77.4015,Bhojtal Lakefront / Water Buffer,34.26,0.557,5.3,74.7,5.4,Alluvial,1080.8,42.5,0.1091,Low Vulnerability,1509
BPL_CELL_1373,34,12,23.2645,77.4025,Bhojtal Lakefront / Water Buffer,34.89,0.547,9.2,64.7,5.3,Alluvial,1094.2,42.5,0.1571,Low Vulnerability,1291
BPL_CELL_1374,34,13,23.2645,77.4035,Bhojtal Lakefront / Water Buffer,32.26,0.542,12.6,63.4,4.3,Alluvial,1127.3,42.5,0.1213,Low Vulnerability,1453
BPL_CELL_1375,34,14,23.2645,77.4045,Old Bhopal (Chowk / Shahjahanabad),44.3,0.056,76.3,6.2,15.7,Deep Black Clay (Vertisol),1121.9,42.5,0.8505,Extreme Hotspot,348
BPL_CELL_1376,34,15,23.2645,77.4055,Old Bhopal (Chowk / Shahjahanabad),43.49,0.066,76.2,9.6,15.9,Deep Black Clay (Vertisol),1077.2,42.5,0.8237,Extreme Hotspot,499
BPL_CELL_1377,34,16,23.2645,77.4065,Old Bhopal (Chowk / Shahjahanabad),45.71,0.097,76.5,8.1,17.5,Deep Black Clay (Vertisol),1104.4,42.5,0.8579,Extreme Hotspot,306
BPL_CELL_1378,34,17,23.2645,77.4075,Old Bhopal (Chowk / Shahjahanabad),44.97,0.073,84.2,10.8,16.0,Deep Black Clay (Vertisol),1099.1,42.5,0.8704,Extreme Hotspot,215
BPL_CELL_1379,34,18,23.2645,77.4085,Old Bhopal (Chowk / Shahjahanabad),44.21,0.055,77.1,10.6,18.1,Deep Black Clay (Vertisol),1117.7,42.5,0.8425,Extreme Hotspot,394
BPL_CELL_1380,34,19,23.2645,77.4095,Old Bhopal (Chowk / Shahjahanabad),45.57,0.102,84.4,10.6,16.6,Deep Black Clay (Vertisol),1102.2,42.5,0.8713,Extreme Hotspot,211
BPL_CELL_1381,34,20,23.2645,77.4105,Old Bhopal (Chowk / Shahjahanabad),45.2,0.048,73.9,10.7,16.2,Deep Black Clay (Vertisol),1077.4,42.5,0.8547,Extreme Hotspot,319
BPL_CELL_1382,34,21,23.2645,77.4115,Old Bhopal (Chowk / Shahjahanabad),43.25,0.081,69.4,12.7,16.2,Deep Black Clay (Vertisol),1105.9,42.5,0.7868,Extreme Hotspot,554
BPL_CELL_1383,34,22,23.2645,77.4125,Old Bhopal (Chowk / Shahjahanabad),45.29,0.115,79.1,9.7,16.9,Deep Black Clay (Vertisol),1079.7,42.5,0.847,Extreme Hotspot,369
BPL_CELL_1384,34,23,23.2645,77.4135,Old Bhopal (Chowk / Shahjahanabad),45.24,0.026,75.9,19.1,17.0,Deep Black Clay (Vertisol),1100.4,42.5,0.8529,Extreme Hotspot,334
BPL_CELL_1385,34,24,23.2645,77.4145,Old Bhopal (Chowk / Shahjahanabad),44.06,0.108,71.0,14.6,17.2,Deep Black Clay (Vertisol),1126.8,42.5,0.7924,Extreme Hotspot,553
BPL_CELL_1386,34,25,23.2645,77.4155,Old Bhopal (Chowk / Shahjahanabad),44.8,0.028,77.8,9.4,15.8,Deep Black Clay (Vertisol),1104.6,42.5,0.8691,Extreme Hotspot,227
BPL_CELL_1387,34,26,23.2645,77.4165,Old Bhopal (Chowk / Shahjahanabad),44.43,0.046,81.7,11.0,16.0,Deep Black Clay (Vertisol),1075.9,42.5,0.863,Extreme Hotspot,268
BPL_CELL_1388,34,27,23.2645,77.4175,Old Bhopal (Chowk / Shahjahanabad),44.65,0.089,76.2,12.2,17.1,Deep Black Clay (Vertisol),1120.0,42.5,0.8315,Extreme Hotspot,462
BPL_CELL_1389,34,28,23.2645,77.4185,Old Bhopal (Chowk / Shahjahanabad),45.98,0.069,79.2,14.0,17.3,Deep Black Clay (Vertisol),1074.5,42.5,0.8701,Extreme Hotspot,219
BPL_CELL_1390,34,29,23.2645,77.4195,Old Bhopal (Chowk / Shahjahanabad),45.71,0.079,81.9,13.1,16.0,Deep Black Clay (Vertisol),1075.0,42.5,0.8707,Extreme Hotspot,214
BPL_CELL_1391,34,30,23.2645,77.4205,Old Bhopal (Chowk / Shahjahanabad),44.78,0.112,77.0,7.7,17.7,Deep Black Clay (Vertisol),1129.7,42.5,0.8364,Extreme Hotspot,432
BPL_CELL_1392,34,31,23.2645,77.4215,Old Bhopal (Chowk / Shahjahanabad),45.43,0.074,76.3,8.2,17.3,Deep Black Clay (Vertisol),1119.2,42.5,0.8609,Extreme Hotspot,279
BPL_CELL_1393,34,32,23.2645,77.4225,Old Bhopal (Chowk / Shahjahanabad),44.06,0.061,84.7,10.3,16.3,Deep Black Clay (Vertisol),1106.2,42.5,0.8602,Extreme Hotspot,288
BPL_CELL_1394,34,33,23.2645,77.4235,Old Bhopal (Chowk / Shahjahanabad),44.88,0.094,79.3,14.1,17.1,Deep Black Clay (Vertisol),1074.0,42.5,0.8391,Extreme Hotspot,419
BPL_CELL_1395,34,34,23.2645,77.4245,Old Bhopal (Chowk / Shahjahanabad),44.26,0.058,77.1,13.3,16.9,Deep Black Clay (Vertisol),1070.6,42.5,0.8368,Extreme Hotspot,431
BPL_CELL_1396,34,35,23.2645,77.4255,Old Bhopal (Chowk / Shahjahanabad),44.33,0.023,84.9,10.1,16.8,Deep Black Clay (Vertisol),1125.5,42.5,0.8815,Extreme Hotspot,153
BPL_CELL_1397,34,36,23.2645,77.4265,Old Bhopal (Chowk / Shahjahanabad),45.45,0.123,76.2,16.4,15.5,Deep Black Clay (Vertisol),1112.0,42.5,0.8247,Extreme Hotspot,495
BPL_CELL_1398,34,37,23.2645,77.4275,Old Bhopal (Chowk / Shahjahanabad),44.87,0.105,75.2,6.2,15.4,Deep Black Clay (Vertisol),1080.2,42.5,0.8387,Extreme Hotspot,424
BPL_CELL_1399,34,38,23.2645,77.4285,Old Bhopal (Chowk / Shahjahanabad),45.64,0.07,75.3,15.3,17.5,Deep Black Clay (Vertisol),1105.7,42.5,0.8491,Extreme Hotspot,359
BPL_CELL_1400,34,39,23.2645,77.4295,Old Bhopal (Chowk / Shahjahanabad),44.58,0.1,75.3,11.5,16.6,Deep Black Clay (Vertisol),1100.8,42.5,0.8245,Extreme Hotspot,497
BPL_CELL_1401,35,0,23.2655,77.3905,Bhojtal Lakefront / Water Buffer,32.76,0.533,7.9,71.4,5.4,Alluvial,1128.5,42.5,0.1043,Low Vulnerability,1530
BPL_CELL_1402,35,1,23.2655,77.3915,Bhojtal Lakefront / Water Buffer,32.97,0.514,9.4,64.4,3.4,Alluvial,1081.0,42.5,0.1346,Low Vulnerability,1389
BPL_CELL_1403,35,2,23.2655,77.3925,Bhojtal Lakefront / Water Buffer,34.1,0.515,9.2,68.0,2.5,Alluvial,1122.9,42.5,0.1479,Low Vulnerability,1321
BPL_CELL_1404,35,3,23.2655,77.3935,Bhojtal Lakefront / Water Buffer,33.44,0.53,9.3,72.6,2.7,Alluvial,1094.4,42.5,0.1202,Low Vulnerability,1461
BPL_CELL_1405,35,4,23.2655,77.3945,Bhojtal Lakefront / Water Buffer,32.35,0.532,17.0,70.3,4.7,Alluvial,1073.4,42.5,0.1258,Low Vulnerability,1429
BPL_CELL_1406,35,5,23.2655,77.3955,Bhojtal Lakefront / Water Buffer,32.32,0.518,7.6,61.9,4.3,Alluvial,1127.7,42.5,0.1204,Low Vulnerability,1459
BPL_CELL_1407,35,6,23.2655,77.3965,Bhojtal Lakefront / Water Buffer,31.55,0.536,11.5,64.6,1.5,Alluvial,1123.3,42.5,0.1044,Low Vulnerability,1529
BPL_CELL_1408,35,7,23.2655,77.3975,Bhojtal Lakefront / Water Buffer,32.2,0.51,8.6,63.1,3.0,Alluvial,1114.8,42.5,0.1217,Low Vulnerability,1450
BPL_CELL_1409,35,8,23.2655,77.3985,Bhojtal Lakefront / Water Buffer,32.19,0.474,12.0,65.8,4.1,Alluvial,1119.4,42.5,0.1404,Low Vulnerability,1355
BPL_CELL_1410,35,9,23.2655,77.3995,Bhojtal Lakefront / Water Buffer,30.3,0.547,9.1,64.8,3.5,Alluvial,1127.9,42.5,0.0685,Low Vulnerability,1596
BPL_CELL_1411,35,10,23.2655,77.4005,Bhojtal Lakefront / Water Buffer,31.65,0.465,9.5,67.7,5.6,Alluvial,1100.8,42.5,0.1224,Low Vulnerability,1445
BPL_CELL_1412,35,11,23.2655,77.4015,Bhojtal Lakefront / Water Buffer,33.28,0.55,10.9,65.9,4.7,Alluvial,1076.8,42.5,0.1275,Low Vulnerability,1422
BPL_CELL_1413,35,12,23.2655,77.4025,Bhojtal Lakefront / Water Buffer,33.09,0.508,6.2,66.8,4.7,Alluvial,1087.6,42.5,0.125,Low Vulnerability,1434
BPL_CELL_1414,35,13,23.2655,77.4035,Bhojtal Lakefront / Water Buffer,33.01,0.531,17.6,66.1,4.0,Alluvial,1088.3,42.5,0.1492,Low Vulnerability,1312
BPL_CELL_1415,35,14,23.2655,77.4045,Old Bhopal (Chowk / Shahjahanabad),45.98,0.062,78.9,10.5,15.4,Deep Black Clay (Vertisol),1099.3,42.5,0.8792,Extreme Hotspot,162
BPL_CELL_1416,35,15,23.2655,77.4055,Old Bhopal (Chowk / Shahjahanabad),45.09,0.054,82.3,9.9,17.2,Deep Black Clay (Vertisol),1070.3,42.5,0.8765,Extreme Hotspot,176
BPL_CELL_1417,35,16,23.2655,77.4065,Old Bhopal (Chowk / Shahjahanabad),45.25,0.068,77.5,12.3,16.2,Deep Black Clay (Vertisol),1100.9,42.5,0.855,Extreme Hotspot,316
BPL_CELL_1418,35,17,23.2655,77.4075,Old Bhopal (Chowk / Shahjahanabad),44.82,0.089,80.0,9.5,16.5,Deep Black Clay (Vertisol),1109.4,42.5,0.8514,Extreme Hotspot,345
BPL_CELL_1419,35,18,23.2655,77.4085,Old Bhopal (Chowk / Shahjahanabad),44.94,0.11,77.4,14.2,17.1,Deep Black Clay (Vertisol),1076.5,42.5,0.8281,Extreme Hotspot,481
BPL_CELL_1420,35,19,23.2655,77.4095,Old Bhopal (Chowk / Shahjahanabad),46.3,0.027,81.0,12.7,17.1,Deep Black Clay (Vertisol),1096.0,42.5,0.901,Extreme Hotspot,67
BPL_CELL_1421,35,20,23.2655,77.4105,Old Bhopal (Chowk / Shahjahanabad),43.65,0.127,79.2,13.0,17.3,Deep Black Clay (Vertisol),1114.6,42.5,0.8043,Extreme Hotspot,540
BPL_CELL_1422,35,21,23.2655,77.4115,Old Bhopal (Chowk / Shahjahanabad),45.03,0.094,77.3,12.3,17.4,Deep Black Clay (Vertisol),1109.9,42.5,0.8398,Extreme Hotspot,414
BPL_CELL_1423,35,22,23.2655,77.4125,Old Bhopal (Chowk / Shahjahanabad),44.71,0.111,72.5,9.5,16.3,Deep Black Clay (Vertisol),1115.9,42.5,0.8185,Extreme Hotspot,515
BPL_CELL_1424,35,23,23.2655,77.4135,Old Bhopal (Chowk / Shahjahanabad),44.02,0.106,75.7,16.3,15.8,Deep Black Clay (Vertisol),1093.3,42.5,0.8028,Extreme Hotspot,541
BPL_CELL_1425,35,24,23.2655,77.4145,Old Bhopal (Chowk / Shahjahanabad),45.13,0.089,80.5,11.4,15.1,Deep Black Clay (Vertisol),1084.2,42.5,0.855,Extreme Hotspot,317
BPL_CELL_1426,35,25,23.2655,77.4155,Old Bhopal (Chowk / Shahjahanabad),44.8,0.068,75.6,16.1,16.3,Deep Black Clay (Vertisol),1096.1,42.5,0.833,Extreme Hotspot,455
BPL_CELL_1427,35,26,23.2655,77.4165,Old Bhopal (Chowk / Shahjahanabad),44.55,0.114,78.7,8.9,17.1,Deep Black Clay (Vertisol),1085.0,42.5,0.8337,Extreme Hotspot,451
BPL_CELL_1428,35,27,23.2655,77.4175,Old Bhopal (Chowk / Shahjahanabad),45.68,0.086,71.5,13.5,16.5,Deep Black Clay (Vertisol),1119.2,42.5,0.836,Extreme Hotspot,434
BPL_CELL_1429,35,28,23.2655,77.4185,Old Bhopal (Chowk / Shahjahanabad),45.25,0.125,80.5,6.9,16.0,Deep Black Clay (Vertisol),1129.6,42.5,0.8521,Extreme Hotspot,342
BPL_CELL_1430,35,29,23.2655,77.4195,Old Bhopal (Chowk / Shahjahanabad),44.79,0.044,75.8,11.4,16.9,Deep Black Clay (Vertisol),1072.3,42.5,0.8526,Extreme Hotspot,338
BPL_CELL_1431,35,30,23.2655,77.4205,Old Bhopal (Chowk / Shahjahanabad),46.87,0.076,74.2,13.1,16.7,Deep Black Clay (Vertisol),1094.4,42.5,0.8715,Extreme Hotspot,208
BPL_CELL_1432,35,31,23.2655,77.4215,Old Bhopal (Chowk / Shahjahanabad),44.96,0.065,83.1,11.5,17.2,Deep Black Clay (Vertisol),1098.8,42.5,0.8687,Extreme Hotspot,230
BPL_CELL_1433,35,32,23.2655,77.4225,Old Bhopal (Chowk / Shahjahanabad),43.51,0.077,77.6,13.4,16.4,Deep Black Clay (Vertisol),1095.1,42.5,0.816,Extreme Hotspot,519
BPL_CELL_1434,35,33,23.2655,77.4235,Old Bhopal (Chowk / Shahjahanabad),45.62,0.076,79.5,12.1,16.6,Deep Black Clay (Vertisol),1114.7,42.5,0.8652,Extreme Hotspot,252
BPL_CELL_1435,35,34,23.2655,77.4245,Old Bhopal (Chowk / Shahjahanabad),45.04,0.113,79.9,10.4,17.3,Deep Black Clay (Vertisol),1091.8,42.5,0.844,Extreme Hotspot,388
BPL_CELL_1436,35,35,23.2655,77.4255,Old Bhopal (Chowk / Shahjahanabad),46.81,0.075,80.0,15.0,16.6,Deep Black Clay (Vertisol),1121.7,42.5,0.884,Extreme Hotspot,138
BPL_CELL_1437,35,36,23.2655,77.4265,Old Bhopal (Chowk / Shahjahanabad),44.08,0.123,74.6,15.2,15.7,Deep Black Clay (Vertisol),1109.0,42.5,0.7961,Extreme Hotspot,547
BPL_CELL_1438,35,37,23.2655,77.4275,Old Bhopal (Chowk / Shahjahanabad),44.64,0.087,81.8,12.4,16.2,Deep Black Clay (Vertisol),1114.6,42.5,0.8481,Extreme Hotspot,362
BPL_CELL_1439,35,38,23.2655,77.4285,Old Bhopal (Chowk / Shahjahanabad),45.67,0.107,82.8,8.9,17.0,Deep Black Clay (Vertisol),1125.5,42.5,0.87,Extreme Hotspot,221
BPL_CELL_1440,35,39,23.2655,77.4295,Old Bhopal (Chowk / Shahjahanabad),46.11,0.114,80.5,8.5,17.6,Deep Black Clay (Vertisol),1129.4,42.5,0.8697,Extreme Hotspot,224
BPL_CELL_1441,36,0,23.2665,77.3905,Bhojtal Lakefront / Water Buffer,32.93,0.566,14.2,68.5,3.6,Alluvial,1122.6,42.5,0.1188,Low Vulnerability,1468
BPL_CELL_1442,36,1,23.2665,77.3915,Bhojtal Lakefront / Water Buffer,32.29,0.56,5.9,74.3,3.9,Alluvial,1096.9,42.5,0.0727,Low Vulnerability,1592
BPL_CELL_1443,36,2,23.2665,77.3925,Bhojtal Lakefront / Water Buffer,32.1,0.455,15.3,69.3,5.1,Alluvial,1071.3,42.5,0.1488,Low Vulnerability,1316
BPL_CELL_1444,36,3,23.2665,77.3935,Bhojtal Lakefront / Water Buffer,32.05,0.482,8.8,68.6,4.4,Alluvial,1104.0,42.5,0.1194,Low Vulnerability,1467
BPL_CELL_1445,36,4,23.2665,77.3945,Bhojtal Lakefront / Water Buffer,32.88,0.476,11.8,65.0,3.6,Alluvial,1128.3,42.5,0.1539,Low Vulnerability,1299
BPL_CELL_1446,36,5,23.2665,77.3955,Bhojtal Lakefront / Water Buffer,30.83,0.545,17.0,64.1,5.1,Alluvial,1094.1,42.5,0.1041,Low Vulnerability,1532
BPL_CELL_1447,36,6,23.2665,77.3965,Bhojtal Lakefront / Water Buffer,32.42,0.539,13.3,69.8,3.7,Alluvial,1117.4,42.5,0.1145,Low Vulnerability,1487
BPL_CELL_1448,36,7,23.2665,77.3975,Bhojtal Lakefront / Water Buffer,30.75,0.475,13.5,65.5,4.1,Alluvial,1083.2,42.5,0.1174,Low Vulnerability,1474
BPL_CELL_1449,36,8,23.2665,77.3985,Bhojtal Lakefront / Water Buffer,32.2,0.483,12.5,68.8,4.2,Alluvial,1078.9,42.5,0.1323,Low Vulnerability,1396
BPL_CELL_1450,36,9,23.2665,77.3995,Bhojtal Lakefront / Water Buffer,32.75,0.571,6.6,67.3,5.6,Alluvial,1108.5,42.5,0.0935,Low Vulnerability,1568
BPL_CELL_1451,36,10,23.2665,77.4005,Bhojtal Lakefront / Water Buffer,32.51,0.576,11.8,68.0,3.6,Alluvial,1092.1,42.5,0.1007,Low Vulnerability,1544
BPL_CELL_1452,36,11,23.2665,77.4015,Bhojtal Lakefront / Water Buffer,33.5,0.561,14.7,63.4,3.8,Alluvial,1094.5,42.5,0.1437,Low Vulnerability,1340
BPL_CELL_1453,36,12,23.2665,77.4025,Bhojtal Lakefront / Water Buffer,31.89,0.503,18.0,69.9,4.5,Alluvial,1127.9,42.5,0.1323,Low Vulnerability,1397
BPL_CELL_1454,36,13,23.2665,77.4035,Bhojtal Lakefront / Water Buffer,31.93,0.556,20.4,59.9,3.7,Alluvial,1116.7,42.5,0.1395,Low Vulnerability,1359
BPL_CELL_1455,36,14,23.2665,77.4045,Old Bhopal (Chowk / Shahjahanabad),44.88,0.066,78.4,8.3,15.6,Deep Black Clay (Vertisol),1108.1,42.5,0.8595,Extreme Hotspot,293
BPL_CELL_1456,36,15,23.2665,77.4055,Old Bhopal (Chowk / Shahjahanabad),43.3,0.028,76.5,11.6,17.1,Deep Black Clay (Vertisol),1104.9,42.5,0.832,Extreme Hotspot,459
BPL_CELL_1457,36,16,23.2665,77.4065,Old Bhopal (Chowk / Shahjahanabad),45.33,0.033,79.9,13.0,16.4,Deep Black Clay (Vertisol),1124.1,42.5,0.8761,Extreme Hotspot,179
BPL_CELL_1458,36,17,23.2665,77.4075,Old Bhopal (Chowk / Shahjahanabad),43.95,0.096,79.7,13.6,18.0,Deep Black Clay (Vertisol),1081.3,42.5,0.8227,Extreme Hotspot,505
BPL_CELL_1459,36,18,23.2665,77.4085,Old Bhopal (Chowk / Shahjahanabad),43.35,0.083,78.1,10.7,16.8,Deep Black Clay (Vertisol),1093.7,42.5,0.8176,Extreme Hotspot,517
BPL_CELL_1460,36,19,23.2665,77.4095,Old Bhopal (Chowk / Shahjahanabad),45.28,0.071,77.7,13.2,16.8,Deep Black Clay (Vertisol),1124.5,42.5,0.8531,Extreme Hotspot,331
BPL_CELL_1461,36,20,23.2665,77.4105,Old Bhopal (Chowk / Shahjahanabad),45.21,0.077,72.9,10.4,16.9,Deep Black Clay (Vertisol),1092.7,42.5,0.841,Extreme Hotspot,404
BPL_CELL_1462,36,21,23.2665,77.4115,Old Bhopal (Chowk / Shahjahanabad),43.66,0.136,79.4,11.6,15.4,Deep Black Clay (Vertisol),1072.6,42.5,0.8044,Extreme Hotspot,539
BPL_CELL_1463,36,22,23.2665,77.4125,Old Bhopal (Chowk / Shahjahanabad),44.8,0.093,81.6,13.4,18.6,Deep Black Clay (Vertisol),1127.5,42.5,0.8462,Extreme Hotspot,374
BPL_CELL_1464,36,23,23.2665,77.4135,Old Bhopal (Chowk / Shahjahanabad),45.0,0.118,82.0,8.7,17.6,Deep Black Clay (Vertisol),1082.1,42.5,0.8509,Extreme Hotspot,347
BPL_CELL_1465,36,24,23.2665,77.4145,Old Bhopal (Chowk / Shahjahanabad),43.65,0.085,76.5,11.8,16.3,Deep Black Clay (Vertisol),1073.4,42.5,0.8156,Extreme Hotspot,521
BPL_CELL_1466,36,25,23.2665,77.4155,Old Bhopal (Chowk / Shahjahanabad),45.25,0.065,73.9,15.2,17.5,Deep Black Clay (Vertisol),1076.2,42.5,0.8397,Extreme Hotspot,415
BPL_CELL_1467,36,26,23.2665,77.4165,Old Bhopal (Chowk / Shahjahanabad),44.49,0.114,79.5,9.8,16.7,Deep Black Clay (Vertisol),1095.6,42.5,0.8331,Extreme Hotspot,454
BPL_CELL_1468,36,27,23.2665,77.4175,Old Bhopal (Chowk / Shahjahanabad),44.7,0.106,82.6,12.1,18.1,Deep Black Clay (Vertisol),1093.1,42.5,0.8447,Extreme Hotspot,383
BPL_CELL_1469,36,28,23.2665,77.4185,Old Bhopal (Chowk / Shahjahanabad),46.05,0.043,80.1,12.4,16.8,Deep Black Clay (Vertisol),1127.4,42.5,0.8877,Extreme Hotspot,119
BPL_CELL_1470,36,29,23.2665,77.4195,Old Bhopal (Chowk / Shahjahanabad),45.07,0.054,82.3,12.7,17.7,Deep Black Clay (Vertisol),1125.2,42.5,0.8704,Extreme Hotspot,216
BPL_CELL_1471,36,30,23.2665,77.4205,Old Bhopal (Chowk / Shahjahanabad),45.77,0.055,80.4,14.5,15.5,Deep Black Clay (Vertisol),1079.0,42.5,0.8742,Extreme Hotspot,192
BPL_CELL_1472,36,31,23.2665,77.4215,Old Bhopal (Chowk / Shahjahanabad),44.0,0.067,75.9,12.3,15.8,Deep Black Clay (Vertisol),1076.2,42.5,0.8267,Extreme Hotspot,487
BPL_CELL_1473,36,32,23.2665,77.4225,Old Bhopal (Chowk / Shahjahanabad),45.95,0.058,84.3,9.0,16.4,Deep Black Clay (Vertisol),1070.1,42.5,0.8992,Extreme Hotspot,72
BPL_CELL_1474,36,33,23.2665,77.4235,Old Bhopal (Chowk / Shahjahanabad),44.45,0.096,77.7,9.7,15.9,Deep Black Clay (Vertisol),1093.4,42.5,0.8344,Extreme Hotspot,447
BPL_CELL_1475,36,34,23.2665,77.4245,Old Bhopal (Chowk / Shahjahanabad),44.52,0.028,77.2,11.4,14.7,Deep Black Clay (Vertisol),1086.7,42.5,0.8579,Extreme Hotspot,307
BPL_CELL_1476,36,35,23.2665,77.4255,Old Bhopal (Chowk / Shahjahanabad),43.73,0.162,84.6,10.4,17.2,Deep Black Clay (Vertisol),1089.2,42.5,0.8131,Extreme Hotspot,525
BPL_CELL_1477,36,36,23.2665,77.4265,Old Bhopal (Chowk / Shahjahanabad),43.57,0.101,73.2,13.9,15.8,Deep Black Clay (Vertisol),1109.2,42.5,0.7937,Extreme Hotspot,552
BPL_CELL_1478,36,37,23.2665,77.4275,Old Bhopal (Chowk / Shahjahanabad),46.2,0.081,82.1,7.5,16.5,Deep Black Clay (Vertisol),1101.9,42.5,0.8914,Extreme Hotspot,105
BPL_CELL_1479,36,38,23.2665,77.4285,Old Bhopal (Chowk / Shahjahanabad),45.18,0.053,75.3,9.7,15.4,Deep Black Clay (Vertisol),1114.9,42.5,0.8585,Extreme Hotspot,300
BPL_CELL_1480,36,39,23.2665,77.4295,Old Bhopal (Chowk / Shahjahanabad),44.15,0.074,76.0,19.0,16.5,Deep Black Clay (Vertisol),1071.0,42.5,0.8134,Extreme Hotspot,524
BPL_CELL_1481,37,0,23.2675,77.3905,Bhojtal Lakefront / Water Buffer,30.39,0.493,13.1,67.5,3.3,Alluvial,1122.0,42.5,0.098,Low Vulnerability,1557
BPL_CELL_1482,37,1,23.2675,77.3915,Bhojtal Lakefront / Water Buffer,33.92,0.531,9.3,71.6,5.4,Alluvial,1128.3,42.5,0.131,Low Vulnerability,1403
BPL_CELL_1483,37,2,23.2675,77.3925,Bhojtal Lakefront / Water Buffer,33.07,0.508,12.6,67.1,5.5,Alluvial,1112.2,42.5,0.1428,Low Vulnerability,1343
BPL_CELL_1484,37,3,23.2675,77.3935,Bhojtal Lakefront / Water Buffer,34.25,0.515,12.6,70.8,4.0,Alluvial,1112.1,42.5,0.1551,Low Vulnerability,1296
BPL_CELL_1485,37,4,23.2675,77.3945,Bhojtal Lakefront / Water Buffer,32.32,0.51,15.7,62.8,4.9,Alluvial,1074.7,42.5,0.1455,Low Vulnerability,1330
BPL_CELL_1486,37,5,23.2675,77.3955,Bhojtal Lakefront / Water Buffer,32.66,0.554,14.1,68.7,3.8,Alluvial,1080.9,42.5,0.1177,Low Vulnerability,1471
BPL_CELL_1487,37,6,23.2675,77.3965,Bhojtal Lakefront / Water Buffer,32.44,0.47,11.1,65.6,3.6,Alluvial,1116.9,42.5,0.1445,Low Vulnerability,1334
BPL_CELL_1488,37,7,23.2675,77.3975,Bhojtal Lakefront / Water Buffer,32.93,0.512,9.3,71.5,5.6,Alluvial,1071.9,42.5,0.1198,Low Vulnerability,1462
BPL_CELL_1489,37,8,23.2675,77.3985,Bhojtal Lakefront / Water Buffer,32.51,0.485,18.6,68.4,3.5,Alluvial,1103.2,42.5,0.1562,Low Vulnerability,1293
BPL_CELL_1490,37,9,23.2675,77.3995,Bhojtal Lakefront / Water Buffer,30.84,0.552,5.1,63.3,4.2,Alluvial,1095.4,42.5,0.0682,Low Vulnerability,1597
BPL_CELL_1491,37,10,23.2675,77.4005,Bhojtal Lakefront / Water Buffer,33.84,0.587,4.0,66.9,4.6,Alluvial,1107.1,42.5,0.1012,Low Vulnerability,1542
BPL_CELL_1492,37,11,23.2675,77.4015,Bhojtal Lakefront / Water Buffer,32.94,0.524,14.2,67.9,3.2,Alluvial,1120.5,42.5,0.137,Low Vulnerability,1375
BPL_CELL_1493,37,12,23.2675,77.4025,Bhojtal Lakefront / Water Buffer,32.91,0.489,10.1,72.0,4.4,Alluvial,1118.2,42.5,0.1299,Low Vulnerability,1408
BPL_CELL_1494,37,13,23.2675,77.4035,Bhojtal Lakefront / Water Buffer,32.02,0.508,10.2,68.9,4.4,Alluvial,1106.2,42.5,0.1119,Low Vulnerability,1496
BPL_CELL_1495,37,14,23.2675,77.4045,Old Bhopal (Chowk / Shahjahanabad),44.92,0.074,77.6,14.9,17.5,Deep Black Clay (Vertisol),1115.4,42.5,0.8412,Extreme Hotspot,403
BPL_CELL_1496,37,15,23.2675,77.4055,Old Bhopal (Chowk / Shahjahanabad),45.28,0.066,82.6,10.7,16.3,Deep Black Clay (Vertisol),1086.2,42.5,0.8746,Extreme Hotspot,189
BPL_CELL_1497,37,16,23.2675,77.4065,Old Bhopal (Chowk / Shahjahanabad),45.95,0.074,72.8,9.1,17.2,Deep Black Clay (Vertisol),1126.6,42.5,0.8587,Extreme Hotspot,298
BPL_CELL_1498,37,17,23.2675,77.4075,Old Bhopal (Chowk / Shahjahanabad),45.02,0.108,78.7,10.6,17.3,Deep Black Clay (Vertisol),1081.7,42.5,0.8416,Extreme Hotspot,400
BPL_CELL_1499,37,18,23.2675,77.4085,Old Bhopal (Chowk / Shahjahanabad),44.82,0.032,83.9,10.4,17.2,Deep Black Clay (Vertisol),1114.5,42.5,0.8838,Extreme Hotspot,141
BPL_CELL_1500,37,19,23.2675,77.4095,Old Bhopal (Chowk / Shahjahanabad),45.33,0.124,82.3,12.7,17.4,Deep Black Clay (Vertisol),1092.9,42.5,0.8475,Extreme Hotspot,364
BPL_CELL_1501,37,20,23.2675,77.4105,Old Bhopal (Chowk / Shahjahanabad),43.29,0.05,78.0,12.9,14.9,Deep Black Clay (Vertisol),1075.6,42.5,0.8248,Extreme Hotspot,494
BPL_CELL_1502,37,21,23.2675,77.4115,Old Bhopal (Chowk / Shahjahanabad),45.23,0.068,71.4,12.7,15.4,Deep Black Clay (Vertisol),1116.1,42.5,0.8358,Extreme Hotspot,436
BPL_CELL_1503,37,22,23.2675,77.4125,Old Bhopal (Chowk / Shahjahanabad),46.03,0.145,72.9,10.7,15.4,Deep Black Clay (Vertisol),1090.5,42.5,0.829,Extreme Hotspot,477
BPL_CELL_1504,37,23,23.2675,77.4135,Old Bhopal (Chowk / Shahjahanabad),43.11,0.086,75.4,7.4,17.7,Deep Black Clay (Vertisol),1095.9,42.5,0.8106,Extreme Hotspot,527
BPL_CELL_1505,37,24,23.2675,77.4145,Old Bhopal (Chowk / Shahjahanabad),46.0,0.047,76.7,12.5,16.3,Deep Black Clay (Vertisol),1079.1,42.5,0.875,Extreme Hotspot,188
BPL_CELL_1506,37,25,23.2675,77.4155,Old Bhopal (Chowk / Shahjahanabad),44.57,0.056,75.5,11.8,16.1,Deep Black Clay (Vertisol),1122.2,42.5,0.8419,Extreme Hotspot,399
BPL_CELL_1507,37,26,23.2675,77.4165,Old Bhopal (Chowk / Shahjahanabad),42.53,0.057,78.8,9.9,17.1,Deep Black Clay (Vertisol),1126.0,42.5,0.8159,Extreme Hotspot,520
BPL_CELL_1508,37,27,23.2675,77.4175,Old Bhopal (Chowk / Shahjahanabad),45.24,0.093,80.9,10.4,16.8,Deep Black Clay (Vertisol),1080.8,42.5,0.8587,Extreme Hotspot,299
BPL_CELL_1509,37,28,23.2675,77.4185,Old Bhopal (Chowk / Shahjahanabad),44.9,0.057,75.8,11.6,17.3,Deep Black Clay (Vertisol),1078.4,42.5,0.8491,Extreme Hotspot,360
BPL_CELL_1510,37,29,23.2675,77.4195,Old Bhopal (Chowk / Shahjahanabad),43.89,0.108,81.7,13.3,16.9,Deep Black Clay (Vertisol),1094.1,42.5,0.8232,Extreme Hotspot,502
BPL_CELL_1511,37,30,23.2675,77.4205,Old Bhopal (Chowk / Shahjahanabad),46.05,0.028,80.8,13.3,17.6,Deep Black Clay (Vertisol),1092.4,42.5,0.8939,Extreme Hotspot,95
BPL_CELL_1512,37,31,23.2675,77.4215,Old Bhopal (Chowk / Shahjahanabad),42.96,0.065,74.7,10.7,18.1,Deep Black Clay (Vertisol),1111.0,42.5,0.8073,Extreme Hotspot,532
BPL_CELL_1513,37,32,23.2675,77.4225,Old Bhopal (Chowk / Shahjahanabad),43.86,0.05,78.4,9.0,16.5,Deep Black Clay (Vertisol),1121.2,42.5,0.8449,Extreme Hotspot,381
BPL_CELL_1514,37,33,23.2675,77.4235,Old Bhopal (Chowk / Shahjahanabad),44.7,0.076,80.5,10.3,16.7,Deep Black Clay (Vertisol),1093.3,42.5,0.8542,Extreme Hotspot,323
BPL_CELL_1515,37,34,23.2675,77.4245,Old Bhopal (Chowk / Shahjahanabad),44.41,0.083,73.6,12.1,17.2,Deep Black Clay (Vertisol),1075.1,42.5,0.8218,Extreme Hotspot,509
BPL_CELL_1516,37,35,23.2675,77.4255,Old Bhopal (Chowk / Shahjahanabad),44.21,0.072,70.7,15.7,15.9,Deep Black Clay (Vertisol),1082.0,42.5,0.8065,Extreme Hotspot,534
BPL_CELL_1517,37,36,23.2675,77.4265,Old Bhopal (Chowk / Shahjahanabad),44.43,0.103,82.5,11.1,16.2,Deep Black Clay (Vertisol),1086.7,42.5,0.8425,Extreme Hotspot,395
BPL_CELL_1518,37,37,23.2675,77.4275,Old Bhopal (Chowk / Shahjahanabad),43.82,0.097,79.0,7.0,16.7,Deep Black Clay (Vertisol),1089.2,42.5,0.8312,Extreme Hotspot,464
BPL_CELL_1519,37,38,23.2675,77.4285,Old Bhopal (Chowk / Shahjahanabad),46.0,0.088,72.5,16.0,16.0,Deep Black Clay (Vertisol),1098.4,42.5,0.8391,Extreme Hotspot,420
BPL_CELL_1520,37,39,23.2675,77.4295,Old Bhopal (Chowk / Shahjahanabad),45.53,0.137,80.8,14.2,16.1,Deep Black Clay (Vertisol),1086.2,42.5,0.8387,Extreme Hotspot,425
BPL_CELL_1521,38,0,23.2685,77.3905,Bhojtal Lakefront / Water Buffer,32.25,0.511,15.2,69.3,3.8,Alluvial,1122.3,42.5,0.129,Low Vulnerability,1418
BPL_CELL_1522,38,1,23.2685,77.3915,Bhojtal Lakefront / Water Buffer,33.86,0.476,11.2,67.7,5.7,Alluvial,1075.5,42.5,0.1654,Low Vulnerability,1279
BPL_CELL_1523,38,2,23.2685,77.3925,Bhojtal Lakefront / Water Buffer,33.17,0.504,12.0,66.2,3.7,Alluvial,1098.5,42.5,0.1464,Low Vulnerability,1325
BPL_CELL_1524,38,3,23.2685,77.3935,Bhojtal Lakefront / Water Buffer,33.26,0.513,10.1,67.1,3.5,Alluvial,1111.6,42.5,0.1371,Low Vulnerability,1373
BPL_CELL_1525,38,4,23.2685,77.3945,Bhojtal Lakefront / Water Buffer,32.4,0.523,13.0,64.0,5.2,Alluvial,1107.0,42.5,0.1315,Low Vulnerability,1402
BPL_CELL_1526,38,5,23.2685,77.3955,Bhojtal Lakefront / Water Buffer,33.13,0.481,21.2,72.6,3.7,Alluvial,1114.2,42.5,0.1688,Low Vulnerability,1276
BPL_CELL_1527,38,6,23.2685,77.3965,Bhojtal Lakefront / Water Buffer,32.29,0.536,10.1,68.4,4.5,Alluvial,1128.2,42.5,0.1067,Low Vulnerability,1518
BPL_CELL_1528,38,7,23.2685,77.3975,Bhojtal Lakefront / Water Buffer,32.17,0.49,14.4,71.3,4.2,Alluvial,1120.0,42.5,0.1294,Low Vulnerability,1413
BPL_CELL_1529,38,8,23.2685,77.3985,Bhojtal Lakefront / Water Buffer,33.19,0.543,13.6,67.7,4.6,Alluvial,1095.2,42.5,0.1329,Low Vulnerability,1394
BPL_CELL_1530,38,9,23.2685,77.3995,Bhojtal Lakefront / Water Buffer,34.95,0.503,11.4,66.0,4.7,Alluvial,1127.1,42.5,0.1796,Low Vulnerability,1271
BPL_CELL_1531,38,10,23.2685,77.4005,Bhojtal Lakefront / Water Buffer,33.66,0.513,18.4,68.5,5.9,Alluvial,1100.1,42.5,0.1663,Low Vulnerability,1278
BPL_CELL_1532,38,11,23.2685,77.4015,Bhojtal Lakefront / Water Buffer,32.69,0.551,8.0,66.0,3.5,Alluvial,1094.6,42.5,0.1071,Low Vulnerability,1515
BPL_CELL_1533,38,12,23.2685,77.4025,Bhojtal Lakefront / Water Buffer,31.83,0.55,6.1,67.3,4.6,Alluvial,1095.7,42.5,0.0827,Low Vulnerability,1585
BPL_CELL_1534,38,13,23.2685,77.4035,Bhojtal Lakefront / Water Buffer,32.87,0.538,16.2,65.2,4.0,Alluvial,1120.7,42.5,0.1415,Low Vulnerability,1349
BPL_CELL_1535,38,14,23.2685,77.4045,Old Bhopal (Chowk / Shahjahanabad),44.44,0.05,77.5,15.3,17.9,Deep Black Clay (Vertisol),1129.7,42.5,0.8405,Extreme Hotspot,409
BPL_CELL_1536,38,15,23.2685,77.4055,Old Bhopal (Chowk / Shahjahanabad),44.0,0.085,77.0,8.8,15.6,Deep Black Clay (Vertisol),1094.7,42.5,0.8299,Extreme Hotspot,473
BPL_CELL_1537,38,16,23.2685,77.4065,Old Bhopal (Chowk / Shahjahanabad),43.3,0.081,79.9,10.6,15.5,Deep Black Clay (Vertisol),1072.0,42.5,0.8229,Extreme Hotspot,503
BPL_CELL_1538,38,17,23.2685,77.4075,Old Bhopal (Chowk / Shahjahanabad),45.21,0.072,82.0,11.8,17.4,Deep Black Clay (Vertisol),1092.9,42.5,0.8669,Extreme Hotspot,242
BPL_CELL_1539,38,18,23.2685,77.4085,Old Bhopal (Chowk / Shahjahanabad),45.14,0.112,85.0,10.0,17.2,Deep Black Clay (Vertisol),1119.2,42.5,0.8621,Extreme Hotspot,277
BPL_CELL_1540,38,19,23.2685,77.4095,Old Bhopal (Chowk / Shahjahanabad),44.32,0.066,73.0,14.1,16.5,Deep Black Clay (Vertisol),1083.4,42.5,0.821,Extreme Hotspot,510
BPL_CELL_1541,38,20,23.2685,77.4105,Old Bhopal (Chowk / Shahjahanabad),44.41,0.14,77.9,16.9,16.7,Deep Black Clay (Vertisol),1084.5,42.5,0.8019,Extreme Hotspot,544
BPL_CELL_1542,38,21,23.2685,77.4115,Old Bhopal (Chowk / Shahjahanabad),43.91,0.105,76.4,12.9,16.5,Deep Black Clay (Vertisol),1092.5,42.5,0.8101,Extreme Hotspot,529
BPL_CELL_1543,38,22,23.2685,77.4125,Old Bhopal (Chowk / Shahjahanabad),45.48,0.029,75.9,9.6,18.9,Deep Black Clay (Vertisol),1084.5,42.5,0.8758,Extreme Hotspot,181
BPL_CELL_1544,38,23,23.2685,77.4135,Old Bhopal (Chowk / Shahjahanabad),44.08,0.099,78.1,7.7,15.3,Deep Black Clay (Vertisol),1118.1,42.5,0.8314,Extreme Hotspot,463
BPL_CELL_1545,38,24,23.2685,77.4145,Old Bhopal (Chowk / Shahjahanabad),44.38,0.073,72.2,5.0,17.3,Deep Black Clay (Vertisol),1101.0,42.5,0.8356,Extreme Hotspot,438
BPL_CELL_1546,38,25,23.2685,77.4155,Old Bhopal (Chowk / Shahjahanabad),46.53,0.067,79.1,12.3,15.6,Deep Black Clay (Vertisol),1107.9,42.5,0.8846,Extreme Hotspot,134
BPL_CELL_1547,38,26,23.2685,77.4165,Old Bhopal (Chowk / Shahjahanabad),45.17,0.024,76.6,9.5,14.7,Deep Black Clay (Vertisol),1082.2,42.5,0.8741,Extreme Hotspot,193
BPL_CELL_1548,38,27,23.2685,77.4175,Old Bhopal (Chowk / Shahjahanabad),44.08,0.107,80.6,8.4,15.7,Deep Black Clay (Vertisol),1071.7,42.5,0.8341,Extreme Hotspot,448
BPL_CELL_1549,38,28,23.2685,77.4185,Old Bhopal (Chowk / Shahjahanabad),44.27,0.015,81.5,12.6,16.5,Deep Black Clay (Vertisol),1097.2,42.5,0.8685,Extreme Hotspot,231
BPL_CELL_1550,38,29,23.2685,77.4195,Old Bhopal (Chowk / Shahjahanabad),44.32,0.061,76.1,11.6,18.2,Deep Black Clay (Vertisol),1087.8,42.5,0.8372,Extreme Hotspot,429
BPL_CELL_1551,38,30,23.2685,77.4205,Old Bhopal (Chowk / Shahjahanabad),44.14,0.075,79.7,6.0,16.6,Deep Black Clay (Vertisol),1086.5,42.5,0.8503,Extreme Hotspot,350
BPL_CELL_1552,38,31,23.2685,77.4215,Old Bhopal (Chowk / Shahjahanabad),43.49,0.119,76.5,8.7,15.7,Deep Black Clay (Vertisol),1076.2,42.5,0.8053,Extreme Hotspot,536
BPL_CELL_1553,38,32,23.2685,77.4225,Old Bhopal (Chowk / Shahjahanabad),43.63,0.09,80.7,12.7,16.8,Deep Black Clay (Vertisol),1099.7,42.5,0.8237,Extreme Hotspot,500
BPL_CELL_1554,38,33,23.2685,77.4235,Old Bhopal (Chowk / Shahjahanabad),44.56,0.043,83.6,8.5,17.1,Deep Black Clay (Vertisol),1071.3,42.5,0.8774,Extreme Hotspot,169
BPL_CELL_1555,38,34,23.2685,77.4245,Old Bhopal (Chowk / Shahjahanabad),46.84,0.114,83.2,11.8,16.0,Deep Black Clay (Vertisol),1124.5,42.5,0.8849,Extreme Hotspot,131
BPL_CELL_1556,38,35,23.2685,77.4255,Old Bhopal (Chowk / Shahjahanabad),45.35,0.087,76.4,13.1,16.5,Deep Black Clay (Vertisol),1104.0,42.5,0.8445,Extreme Hotspot,384
BPL_CELL_1557,38,36,23.2685,77.4265,Old Bhopal (Chowk / Shahjahanabad),44.62,0.075,89.0,6.0,15.4,Deep Black Clay (Vertisol),1102.8,42.5,0.8868,Extreme Hotspot,122
BPL_CELL_1558,38,37,23.2685,77.4275,Old Bhopal (Chowk / Shahjahanabad),44.93,0.107,83.3,11.7,16.3,Deep Black Clay (Vertisol),1071.8,42.5,0.8516,Extreme Hotspot,344
BPL_CELL_1559,38,38,23.2685,77.4285,Old Bhopal (Chowk / Shahjahanabad),45.87,0.085,82.5,12.5,16.9,Deep Black Clay (Vertisol),1089.7,42.5,0.8744,Extreme Hotspot,190
BPL_CELL_1560,38,39,23.2685,77.4295,Old Bhopal (Chowk / Shahjahanabad),45.22,0.089,84.0,11.0,16.3,Deep Black Clay (Vertisol),1098.9,42.5,0.8678,Extreme Hotspot,236
BPL_CELL_1561,39,0,23.2695,77.3905,Bhojtal Lakefront / Water Buffer,33.3,0.512,9.2,67.2,4.2,Alluvial,1100.8,42.5,0.1354,Low Vulnerability,1385
BPL_CELL_1562,39,1,23.2695,77.3915,Bhojtal Lakefront / Water Buffer,31.45,0.504,13.3,70.1,5.3,Alluvial,1123.2,42.5,0.1092,Low Vulnerability,1508
BPL_CELL_1563,39,2,23.2695,77.3925,Bhojtal Lakefront / Water Buffer,32.33,0.549,6.8,65.4,3.7,Alluvial,1127.2,42.5,0.0987,Low Vulnerability,1553
BPL_CELL_1564,39,3,23.2695,77.3935,Bhojtal Lakefront / Water Buffer,33.98,0.458,12.6,63.6,4.8,Alluvial,1119.0,42.5,0.1874,Low Vulnerability,1268
BPL_CELL_1565,39,4,23.2695,77.3945,Bhojtal Lakefront / Water Buffer,31.62,0.491,7.9,69.7,3.4,Alluvial,1073.9,42.5,0.1026,Low Vulnerability,1537
BPL_CELL_1566,39,5,23.2695,77.3955,Bhojtal Lakefront / Water Buffer,33.41,0.524,12.8,64.0,4.1,Alluvial,1087.6,42.5,0.1499,Low Vulnerability,1309
BPL_CELL_1567,39,6,23.2695,77.3965,Bhojtal Lakefront / Water Buffer,33.1,0.482,15.2,67.4,4.7,Alluvial,1089.4,42.5,0.1608,Low Vulnerability,1285
BPL_CELL_1568,39,7,23.2695,77.3975,Bhojtal Lakefront / Water Buffer,32.61,0.527,8.8,71.9,4.7,Alluvial,1092.3,42.5,0.1054,Low Vulnerability,1523
BPL_CELL_1569,39,8,23.2695,77.3985,Bhojtal Lakefront / Water Buffer,32.58,0.505,11.8,68.4,3.8,Alluvial,1117.7,42.5,0.1296,Low Vulnerability,1411
BPL_CELL_1570,39,9,23.2695,77.3995,Bhojtal Lakefront / Water Buffer,33.39,0.551,9.3,64.9,4.9,Alluvial,1101.6,42.5,0.1266,Low Vulnerability,1425
BPL_CELL_1571,39,10,23.2695,77.4005,Bhojtal Lakefront / Water Buffer,33.08,0.535,6.3,64.1,4.4,Alluvial,1123.6,42.5,0.1198,Low Vulnerability,1463
BPL_CELL_1572,39,11,23.2695,77.4015,Bhojtal Lakefront / Water Buffer,32.23,0.476,14.8,66.9,4.8,Alluvial,1081.8,42.5,0.1463,Low Vulnerability,1327
BPL_CELL_1573,39,12,23.2695,77.4025,Bhojtal Lakefront / Water Buffer,32.84,0.487,15.7,67.8,4.5,Alluvial,1089.6,42.5,0.1544,Low Vulnerability,1297
BPL_CELL_1574,39,13,23.2695,77.4035,Bhojtal Lakefront / Water Buffer,32.89,0.491,15.1,67.1,5.3,Alluvial,1121.4,42.5,0.1535,Low Vulnerability,1301
BPL_CELL_1575,39,14,23.2695,77.4045,Old Bhopal (Chowk / Shahjahanabad),46.78,0.075,77.1,16.8,15.1,Deep Black Clay (Vertisol),1125.1,42.5,0.8712,Extreme Hotspot,212
BPL_CELL_1576,39,15,23.2695,77.4055,Old Bhopal (Chowk / Shahjahanabad),45.9,0.122,79.7,12.4,16.7,Deep Black Clay (Vertisol),1118.2,42.5,0.8522,Extreme Hotspot,341
BPL_CELL_1577,39,16,23.2695,77.4065,Old Bhopal (Chowk / Shahjahanabad),44.68,0.056,78.6,8.2,15.8,Deep Black Clay (Vertisol),1106.7,42.5,0.8605,Extreme Hotspot,284
BPL_CELL_1578,39,17,23.2695,77.4075,Old Bhopal (Chowk / Shahjahanabad),44.53,0.044,81.9,5.6,16.9,Deep Black Clay (Vertisol),1128.0,42.5,0.8774,Extreme Hotspot,170
BPL_CELL_1579,39,18,23.2695,77.4085,Old Bhopal (Chowk / Shahjahanabad),45.43,0.1,77.9,10.7,16.6,Deep Black Clay (Vertisol),1076.3,42.5,0.8501,Extreme Hotspot,351
BPL_CELL_1580,39,19,23.2695,77.4095,Old Bhopal (Chowk / Shahjahanabad),44.84,0.06,83.3,9.5,16.7,Deep Black Clay (Vertisol),1081.5,42.5,0.8731,Extreme Hotspot,203
BPL_CELL_1581,39,20,23.2695,77.4105,Old Bhopal (Chowk / Shahjahanabad),45.51,0.063,87.2,6.0,18.0,Deep Black Clay (Vertisol),1085.6,42.5,0.9034,Extreme Hotspot,61
BPL_CELL_1582,39,21,23.2695,77.4115,Old Bhopal (Chowk / Shahjahanabad),44.07,0.083,76.8,12.3,16.4,Deep Black Clay (Vertisol),1089.8,42.5,0.8243,Extreme Hotspot,498
BPL_CELL_1583,39,22,23.2695,77.4125,Old Bhopal (Chowk / Shahjahanabad),43.55,0.044,78.2,13.0,17.1,Deep Black Clay (Vertisol),1077.6,42.5,0.8326,Extreme Hotspot,458
BPL_CELL_1584,39,23,23.2695,77.4135,Old Bhopal (Chowk / Shahjahanabad),45.56,0.112,74.0,17.1,15.2,Deep Black Clay (Vertisol),1094.8,42.5,0.8233,Extreme Hotspot,501
BPL_CELL_1585,39,24,23.2695,77.4145,Old Bhopal (Chowk / Shahjahanabad),44.37,0.085,74.0,10.5,15.3,Deep Black Clay (Vertisol),1089.3,42.5,0.8247,Extreme Hotspot,496
BPL_CELL_1586,39,25,23.2695,77.4155,Old Bhopal (Chowk / Shahjahanabad),42.71,0.077,76.0,11.0,17.2,Deep Black Clay (Vertisol),1075.0,42.5,0.8009,Extreme Hotspot,545
BPL_CELL_1587,39,26,23.2695,77.4165,Old Bhopal (Chowk / Shahjahanabad),43.09,0.058,75.4,7.1,16.6,Deep Black Clay (Vertisol),1128.3,42.5,0.822,Extreme Hotspot,508
BPL_CELL_1588,39,27,23.2695,77.4175,Old Bhopal (Chowk / Shahjahanabad),45.15,0.085,78.7,12.4,17.9,Deep Black Clay (Vertisol),1081.3,42.5,0.8496,Extreme Hotspot,355
BPL_CELL_1589,39,28,23.2695,77.4185,Old Bhopal (Chowk / Shahjahanabad),45.29,0.093,74.9,9.2,17.4,Deep Black Clay (Vertisol),1088.7,42.5,0.8445,Extreme Hotspot,385
BPL_CELL_1590,39,29,23.2695,77.4195,Old Bhopal (Chowk / Shahjahanabad),43.62,0.063,79.1,5.0,16.4,Deep Black Clay (Vertisol),1083.1,42.5,0.8453,Extreme Hotspot,379
BPL_CELL_1591,39,30,23.2695,77.4205,Old Bhopal (Chowk / Shahjahanabad),43.2,0.142,81.3,8.5,16.6,Deep Black Clay (Vertisol),1086.7,42.5,0.8051,Extreme Hotspot,537
BPL_CELL_1592,39,31,23.2695,77.4215,Old Bhopal (Chowk / Shahjahanabad),44.23,0.093,81.1,13.9,15.7,Deep Black Clay (Vertisol),1078.8,42.5,0.8328,Extreme Hotspot,456
BPL_CELL_1593,39,32,23.2695,77.4225,Old Bhopal (Chowk / Shahjahanabad),45.86,0.045,78.9,16.1,16.6,Deep Black Clay (Vertisol),1109.7,42.5,0.8722,Extreme Hotspot,206
BPL_CELL_1594,39,33,23.2695,77.4235,Old Bhopal (Chowk / Shahjahanabad),45.0,0.057,79.3,12.3,16.4,Deep Black Clay (Vertisol),1095.9,42.5,0.8599,Extreme Hotspot,291
BPL_CELL_1595,39,34,23.2695,77.4245,Old Bhopal (Chowk / Shahjahanabad),45.42,0.109,77.3,11.2,16.4,Deep Black Clay (Vertisol),1108.9,42.5,0.8436,Extreme Hotspot,389
BPL_CELL_1596,39,35,23.2695,77.4255,Old Bhopal (Chowk / Shahjahanabad),45.2,0.076,74.9,10.4,17.3,Deep Black Clay (Vertisol),1105.6,42.5,0.8471,Extreme Hotspot,368
BPL_CELL_1597,39,36,23.2695,77.4265,Old Bhopal (Chowk / Shahjahanabad),43.77,0.074,73.7,13.0,15.3,Deep Black Clay (Vertisol),1083.2,42.5,0.8116,Extreme Hotspot,526
BPL_CELL_1598,39,37,23.2695,77.4275,Old Bhopal (Chowk / Shahjahanabad),42.99,0.088,78.8,11.1,16.8,Deep Black Clay (Vertisol),1076.1,42.5,0.8099,Extreme Hotspot,530
BPL_CELL_1599,39,38,23.2695,77.4285,Old Bhopal (Chowk / Shahjahanabad),44.98,0.121,77.8,8.3,17.5,Deep Black Clay (Vertisol),1122.8,42.5,0.8377,Extreme Hotspot,428
BPL_CELL_1600,39,39,23.2695,77.4295,Old Bhopal (Chowk / Shahjahanabad),45.67,0.078,80.9,11.8,15.8,Deep Black Clay (Vertisol),1087.3,42.5,0.8701,Extreme Hotspot,220
